Date,Open,High,Low,Close/Last,Volume
2013-04-15,267,267,258,261,"60,99"
2013-04-17,"264,99","264,99",259,264,"95,18"
2013-04-18,264,264,"242,01","254,84","124,75"
2013-04-19,243,"256,6","242,01","256,5","93,33"
2013-04-22,258,258,"245,6","256,5","83,17"
2013-04-23,"257,6","257,6",246,"255,01","98,87"
2013-04-24,"250,01","257,4",248,"252,01","22550,7"
2013-04-25,"245,4",251,"244,1",251,"114,58"
2013-04-26,"247,09","250,89","244,19","250,8","525,79"
2013-04-29,"244,19","250,49","244,19","250,41","36,04"
2013-04-30,"250,01","250,01","249,95","249,95","3,7"
2013-05-02,251,"254,8",251,254,"32,34"
2013-05-06,254,264,"252,01","262,8","358,53"
2013-05-07,"262,99","262,99","253,5","261,5","211,61"
2013-05-08,262,262,"257,2","260,95","455,56"
2013-05-09,259,261,"256,2","256,2","97,03"
2013-05-10,254,254,"240,5","252,5",365
2013-05-13,"262,51","264,59","255,01","261,89","148,77"
2013-05-14,"261,89","262,51",253,"258,45","133,06"
2013-05-15,258,258,253,258,"328,04"
2013-05-16,"255,01",259,"255,01",259,"105,34"
2013-05-17,257,"259,99","253,2",259,"742,94"
2013-05-20,"259,11",264,"250,01",258,"225,47"
2013-05-21,258,"259,19","250,1",257,"3723,95"
2013-05-22,"252,01","259,19","252,01",259,"66,53"
2013-05-23,"252,01","258,94","251,11","257,84","48,98"
2013-05-24,259,"261,5",259,"261,4","121,05"
2013-05-27,262,264,256,262,"106,27"
2013-05-28,"263,5","263,5","259,99",262,"91,48"
2013-05-29,256,"259,99","237,1","251,9","597,87"
2013-05-31,249,"252,01",249,251,"114,58"
2013-06-03,"250,8","250,8","245,01","250,8","51,75"
2013-06-04,"250,01","250,8","248,96","250,8","90,56"
2013-06-05,"247,01","250,95","247,01","250,01","96,1"
2013-06-06,"254,9","255,01","245,01","249,9","290,15"
2013-06-07,"255,01","255,01","252,01","252,01","53,6"
2013-06-10,"252,01","252,01","251,75","251,75","52,67"
2013-06-11,"252,5","252,5","245,01","247,7","106,27"
2013-06-12,"245,01","253,95","245,01","253,5","1222,53"
2013-06-13,"245,06","252,95","245,06","251,85","52,67"
2013-06-14,"245,01",264,"245,01","262,99","2497,73"
2013-06-17,264,"268,94",256,264,"26039,94"
2013-06-18,"267,3","267,3","262,99","266,44","862,15"
2013-06-19,"267,3","268,94",267,"267,7","367,77"
2013-06-20,"267,7","267,7",258,"262,99","387,18"
2013-06-21,259,"266,94",259,"262,51",73
2013-06-24,"262,51","263,31","262,51","263,31","357,61"
2013-06-25,"263,1","263,1","259,99","262,51","93,33"
2013-06-26,"262,51","262,99",258,"262,99","94,25"
2013-06-27,"263,31",264,"241,01","261,8","181,12"
2013-06-28,"263,75",264,"250,3",264,"12477,55"
2013-07-01,"264,9","266,5","264,9","264,99","27,72"
2013-07-02,"264,5","273,99","264,5","273,99","5617,35"
2013-07-03,278,279,"269,99","274,99","274,45"
2013-07-04,"274,99","277,9","272,49","274,91","71,15"
2013-07-05,"274,85","274,85","270,5","274,8","141,38"
2013-07-08,"274,5","274,8","269,99","274,5","5294,85"
2013-07-09,"273,5","274,99","273,5","274,99","7,39"
2013-07-10,"274,8","274,91","274,5","274,8","111,81"
2013-07-11,"272,49","274,5",272,"274,4","122,9"
2013-07-12,"274,7","274,99","274,5","274,99","140,46"
2013-07-15,278,"284,01",278,"284,01","733,7"
2013-07-16,285,"293,9","278,8","287,71","553,34"
2013-07-17,289,292,288,292,"235,38"
2013-07-18,292,292,286,289,"149,01"
2013-07-19,288,"288,45",275,"284,4","195,52"
2013-07-22,281,"287,9",280,"287,9","163,25"
2013-07-23,289,289,"287,5","287,5","42,71"
2013-07-24,"287,1",289,287,"288,85","98,71"
2013-07-25,289,289,288,288,"23,73"
2013-07-26,"287,8",288,"287,1","287,5","120,54"
2013-07-29,"282,2",288,"282,2","287,5","586,56"
2013-07-30,287,"288,95","283,2","288,95","470,76"
2013-07-31,289,289,287,288,"754,55"
2013-08-01,"284,1",288,"284,1",285,"1378,13"
2013-08-02,285,287,285,287,"204,06"
2013-08-05,"286,5","286,5","277,99","283,89","134,78"
2013-08-06,"286,6","286,6",265,"280,41","2062,44"
2013-08-07,"279,7","279,7","269,25","277,99","94,91"
2013-08-08,"273,91","280,6","273,91","280,5","363,51"
2013-08-09,"280,6","280,6","274,51","279,46","867,5"
2013-08-12,"286,95","286,95","277,99","277,99","506,83"
2013-08-13,"280,81",281,"275,1","280,94","725,13"
2013-08-14,282,"284,4",282,282,"40,81"
2013-08-16,286,286,282,284,"27,52"
2013-08-19,"276,99",284,"276,99",284,"65,49"
2013-08-20,"283,89","283,89",276,"283,65","55,05"
2013-08-21,"283,55","283,55","271,4","276,99","1208,23"
2013-08-22,280,"286,8",280,281,"181,28"
2013-08-23,285,285,"276,99","283,89","5343,56"
2013-08-26,283,"283,4",281,281,"51,25"
2013-08-27,283,"283,4","277,99",280,"141,42"
2013-08-28,272,"278,99","246,01","254,99","1684,69"
2013-08-29,250,262,250,"261,5","342,63"
2013-08-30,261,"261,5",251,257,"16898,18"
2013-09-02,257,"258,94",239,250,"10706,1"
2013-09-03,252,"256,94",249,251,"427,11"
2013-09-04,"254,99","256,7","245,01","245,05","11244,25"
2013-09-05,"252,99","254,9",228,250,"561,88"
2013-09-06,248,250,248,250,"114,84"
2013-09-09,250,280,250,"260,1","382,5"
2013-09-10,"271,01",275,"270,01","270,01","88,27"
2013-09-11,"270,01",276,260,276,"40,81"
2013-09-12,267,274,266,266,"64,54"
2013-09-13,266,275,265,273,"48,41"
2013-09-16,275,275,260,"271,01","280,94"
2013-09-17,272,274,"270,01","273,85","155,66"
2013-09-18,"273,8","273,8","270,01","270,01","26,58"
2013-09-19,"273,8","277,9","250,49","275,95","378,7"
2013-09-20,272,273,"270,85","270,85","27,52"
2013-09-23,"272,96","278,9","272,96","274,95","276,19"
2013-09-24,"275,85","275,85",267,274,"37,02"
2013-09-25,275,275,"261,55","273,91","34,17"
2013-09-26,"273,91","273,91",263,263,"70,24"
2013-09-27,"268,9","272,4","268,9","270,01","967,16"
2013-09-30,"270,01","270,01",265,"269,1","116,74"
2013-10-01,"270,01","270,01","269,01","269,01","49,35"
2013-10-02,"261,55","269,01","261,5","269,01","176,54"
2013-10-03,"269,9","269,9",260,"265,9","979,49"
2013-10-04,280,290,280,"287,44","21946,56"
2013-10-07,289,"292,55","287,44",288,"2351,93"
2013-10-08,"289,2","289,2","284,15","284,15","1032,65"
2013-10-09,"282,1",284,276,"281,75","1251,89"
2013-10-10,"289,2","289,2","286,25","289,2","10137,58"
2013-10-11,"289,2","290,79",285,285,"1415,14"
2013-10-14,289,"289,9",286,286,"373,95"
2013-10-15,288,"290,79",286,"289,1","999,43"
2013-10-16,"289,1","289,1",284,284,"447,04"
2013-10-17,288,"289,95","283,1",286,"457,48"
2013-10-18,"285,05","285,09","283,49",285,"998,48"
2013-10-21,284,289,"277,99","286,95","634,01"
2013-10-22,288,288,283,"286,95","2855,91"
2013-10-23,283,288,283,"285,5","63,59"
2013-10-24,287,287,285,"285,5","201,21"
2013-10-25,"286,9",288,"285,5",288,"8932,19"
2013-10-28,288,"316,81","285,5",316,"2310,16"
2013-10-29,"315,81","335,99","315,81","327,01","2039,66"
2013-10-30,328,328,317,317,"177,49"
2013-10-31,324,324,316,"320,05","634,01"
2013-11-04,"325,01","326,01",323,"324,9","415,72"
2013-11-05,"324,85","324,85","322,95",323,"186,03"
2013-11-06,319,"321,5",317,320,"5474,54"
2013-11-07,321,321,"317,5","318,89","5396,71"
2013-11-08,317,317,"291,15","304,96","787,77"
2013-11-12,"306,85","314,94","306,85","308,1","932,99"
2013-11-13,"308,1",317,"308,1","309,99","459,38"
2013-11-14,315,315,"305,01","309,95","2282,64"
2013-11-15,"314,81",322,"309,99","321,9","761,2"
2013-11-18,"321,9",330,318,330,"5557,11"
2013-11-19,335,335,315,"327,01","385,34"
2013-11-20,"329,8",334,"327,8",333,"327,45"
2013-11-21,333,334,"306,09","332,4","2272,2"
2013-11-22,"332,2","332,2",319,330,"706,15"
2013-11-25,330,"334,46","319,05",332,"20414,68"
2013-11-26,332,"334,8","327,14",332,"15544,73"
2013-11-27,334,335,320,"329,8","832,38"
2013-11-28,332,"333,8",321,321,"192,67"
2013-11-29,"327,74","330,91",324,"330,91","198,37"
2013-12-02,335,335,329,329,"408,12"
2013-12-03,332,332,"318,55","324,1","683,37"
2013-12-04,321,321,"318,49","318,49","56,95"
2013-12-05,"318,49","325,01","313,1",320,"1086,75"
2013-12-06,321,321,316,"316,05","763,09"
2013-12-09,316,"327,01",316,"327,01","1049,73"
2013-12-10,"327,01","327,01",316,324,"87,32"
2013-12-11,"325,01","337,85","325,01","337,85","2151,66"
2013-12-12,337,337,328,"334,8",541
2013-12-13,330,"334,46",330,"333,86","5486,88"
2013-12-16,"337,7",340,"333,1","339,6","1377,18"
2013-12-17,"339,6","339,6","334,35",337,"734,62"
2013-12-18,340,340,"334,15","339,49","230,64"
2013-12-19,340,"343,85","335,1","335,1","3152,98"
2013-12-20,340,340,335,337,"6557,49"
2013-12-23,"346,99","346,99",340,340,"2133,63"
2013-12-27,"340,05",344,"339,8","339,8","2980,24"
2013-12-30,340,342,315,315,"25221,03"
2014-01-02,"318,05",331,318,"330,15","983,29"
2014-01-03,"331,05","331,05","325,01","325,01","677,67"
2014-01-07,"325,15","329,6","325,01","325,01","1949,5"
2014-01-08,"325,01","325,01","298,45","315,1","1744,49"
2014-01-09,321,"329,9","305,55","329,9","917,8"
2014-01-10,330,330,"310,04",320,"953,87"
2014-01-13,314,329,314,329,"199,32"
2014-01-14,316,328,316,"326,9","117,69"
2014-01-15,"323,06","323,06",318,318,"726,08"
2014-01-16,"323,5",331,"313,75","319,8","1152,23"
2014-01-17,"325,69","325,69","322,75","322,75","37,02"
2014-01-20,"321,79","321,79","315,5",320,"510,63"
2014-01-21,"319,71","319,9",315,317,"2201,02"
2014-01-22,"312,1",317,"309,75","314,85","1331,62"
2014-01-23,"314,6","318,89","314,6","317,89","2230,44"
2014-01-24,"317,55","317,6",316,"317,6","464,12"
2014-01-27,"306,25","319,9","306,25","319,9","1144,64"
2014-01-28,318,318,318,318,"710,89"
2014-01-29,318,318,"312,99","312,99","1390,46"
2014-01-30,"309,99","314,94","309,99",314,"1435,07"
2014-01-31,315,"321,05",315,"320,55","503,03"
2014-02-03,"315,3",322,315,320,"100,61"
2014-02-04,"319,8","323,5","319,8","321,11","173,69"
2014-02-05,"324,9","327,4","323,06","327,01","118,64"
2014-02-06,"320,5",328,320,320,"4157,16"
2014-02-07,"327,9","327,9",322,"324,95","613,13"
2014-02-10,320,320,320,320,"6,64"
2014-02-11,"316,05","319,84",315,"319,84","2133,63"
2014-02-12,"319,76",331,"319,76",330,"1655,27"
2014-02-13,330,337,330,337,"16,14"
2014-02-14,330,"335,99",330,"335,99","778,28"
2014-02-17,"335,7","335,7",330,"334,86","5,69"
2014-02-18,337,337,331,331,"945,33"
2014-02-19,"338,49","338,49","331,7",335,"1496,77"
2014-02-20,"330,05",335,"330,05",335,"2014,04"
2014-02-21,"330,05","330,05",330,330,"52,2"
2014-02-24,335,335,"330,09",335,"9,49"
2014-02-25,335,335,"330,05","332,85","733,67"
2014-02-26,"324,55","324,55","309,4","309,4","287,58"
2014-02-27,"310,04","318,45","310,04","313,81","375,85"
2014-02-28,"318,8",319,"318,4",319,"635,91"
2014-03-03,308,"312,94",280,294,"995,63"
2014-03-04,"292,5","309,4","292,5","305,8","337,89"
2014-03-05,306,"311,8",306,"310,95","218,3"
2014-03-06,"310,99","313,94","300,55","302,65","694,76"
2014-03-07,"309,95",317,"309,95","316,95","211,65"
2014-03-10,316,316,"303,95","304,05","1184,5"
2014-03-11,301,"305,01",301,"305,01","215,45"
2014-03-12,"308,45","308,45","297,2",307,"265,75"
2014-03-13,"304,01","305,01",294,"305,01","5645,38"
2014-03-14,"303,95","305,01",281,"305,01","7578,74"
2014-03-17,"293,5",307,290,307,"2338,64"
2014-03-18,308,308,"294,29","294,29",1511
2014-03-19,"299,8","306,36","284,36",293,"1050,68"
2014-03-20,"298,95","298,95",290,"298,51","78,78"
2014-03-21,292,"293,9",292,"293,9","6,64"
2014-03-24,"293,85","293,85","288,05","292,94","1229,11"
2014-03-25,"284,05","292,74","284,05",286,"256,26"
2014-03-26,"279,1",284,"278,99",283,"23334,18"
2014-03-27,"284,4","284,4","277,99","281,94","270,5"
2014-03-28,"281,94","281,94","271,01",280,"2486,7"
2014-03-31,280,280,"273,8","277,4","3008,72"
2014-04-01,"276,99","276,99",274,"275,91","191,72"
2014-04-02,"271,01",298,"255,99","263,2","3070,41"
2014-04-03,"271,69","279,9",264,"276,65","404,33"
2014-04-04,"276,65",280,275,280,"117,69"
2014-04-07,"281,45","293,45","280,75","292,85","325,55"
2014-04-08,290,290,283,290,"149,96"
2014-04-09,290,"292,29","280,05","292,29","346,43"
2014-04-10,"291,95","293,8","291,9","293,8","223,99"
2014-04-11,293,293,"292,9",293,"138,57"
2014-04-14,"292,94","292,94","276,99",280,"3058,07"
2014-04-15,"277,99","277,99","270,01","270,01","657,74"
2014-04-16,"270,01","270,01",265,265,"82,57"
2014-04-17,265,"271,5",265,"271,35","85,42"
2014-04-22,"271,35","271,5",260,260,"1058,27"
2014-04-23,"269,95","269,95","247,96","250,91","1132,3"
2014-04-24,259,"269,01","254,99",262,"297,08"
2014-04-25,263,263,260,262,"28,47"
2014-04-28,"254,99","261,8","254,99","261,8","1,9"
2014-04-29,"255,99",260,"254,99",260,"423,31"
2014-04-30,261,262,"254,99","254,99","412,87"
2014-05-02,"254,99",260,"254,99",260,"59,79"
2014-05-05,262,262,251,"261,8","223,99"
2014-05-06,"261,8","261,8","261,8","261,8","0,95"
2014-05-07,"261,8","261,8",250,260,"617,88"
2014-05-08,260,260,251,251,"7451,56"
2014-05-09,"258,25","258,25","250,3",251,"322,7"
2014-05-12,251,"261,89","247,96","255,7","767,84"
2014-05-13,"255,05","259,89","248,09","259,89","54,1"
2014-05-14,"250,04","259,89","250,04","259,89","1370,53"
2014-05-15,"259,76","260,29","256,05",260,"155,66"
2014-05-16,260,260,260,260,0
2014-05-19,260,260,"250,2",251,"2501,89"
2014-05-20,"250,04","259,95",250,"259,95","71,18"
2014-05-21,"250,04","263,45","250,04","263,45","2406,97"
2014-05-22,264,264,"262,05",264,"48,41"
2014-05-23,"260,5","261,5",260,261,"256,26"
2014-05-26,261,"269,01",261,"269,01","35,12"
2014-05-27,"268,95","277,99","268,95","277,99","748,86"
2014-05-28,"277,99",286,"277,99",285,"1963,73"
2014-05-29,285,285,285,285,0
2014-05-30,285,285,284,284,"589,41"
2014-06-02,"280,05","280,05",280,280,"43,66"
2014-06-03,"280,2","283,95",280,280,"6911,51"
2014-06-04,"280,15","280,15",280,280,"713,74"
2014-06-05,"280,05","283,36","280,05","283,36","16,14"
2014-06-06,"280,05",282,280,280,"1473,04"
2014-06-09,280,"283,49",280,280,"625,47"
2014-06-10,280,282,280,282,"109,15"
2014-06-11,280,280,280,280,"74,03"
2014-06-12,280,280,280,280,"8,54"
2014-06-13,280,280,280,280,"76,88"
2014-06-16,280,"281,49",276,"281,49","435,65"
2014-06-17,"281,85","283,89","281,85","283,89","2688,86"
2014-06-18,"283,85","283,85","267,25",280,"774,48"
2014-06-20,"274,04","274,04","270,01","270,01","279,99"
2014-06-23,"270,01","277,99","270,01","277,99","354,02"
2014-06-24,"277,95","284,25","277,95","284,25","281,89"
2014-06-25,"284,25","284,25","284,25","284,25",0
2014-06-26,"284,1","284,1",282,"284,05","33,22"
2014-06-27,"284,05","284,05","284,05","284,05",0
2014-06-30,280,280,275,280,"39,86"
2014-07-01,280,282,280,282,"705,2"
2014-07-02,"280,05","280,05","279,94",280,"2150,71"
2014-07-03,280,280,280,280,"165,15"
2014-07-04,280,280,280,280,"92,06"
2014-07-07,280,"284,05",280,280,"638,76"
2014-07-08,"271,1","278,95","271,1","278,95","3,8"
2014-07-09,"278,95","278,95","278,95","278,95","6,64"
2014-07-10,"271,01","271,01","271,01","271,01","9,49"
2014-07-11,"270,01","270,01",261,"269,69","403,38"
2014-07-14,"270,01","277,3","266,95","277,3","90,17"
2014-07-15,"261,1","269,85","261,1","269,85","16,14"
2014-07-16,"269,8","269,9","269,8","269,9","215,45"
2014-07-17,"262,05","267,85",261,"267,85","414,77"
2014-07-18,261,263,261,262,"134,78"
2014-07-21,"261,05","261,05",261,261,"484,05"
2014-07-22,261,261,261,261,0
2014-07-23,261,"261,05","253,04",260,"1146,54"
2014-07-24,"259,95","259,95",252,"257,9","82,57"
2014-07-25,"252,7","257,9","252,7","254,99","453,68"
2014-07-28,"252,7","257,85","241,11","257,85","102,51"
2014-07-29,"248,3","254,95","248,3","254,95","48,41"
2014-07-30,"245,05",250,243,250,"98,71"
2014-07-31,"245,01","254,45",241,"254,45","276,19"
2014-08-01,"254,95","254,95","254,65","254,65","31,32"
2014-08-04,"254,65","254,65","254,65","254,65",0
2014-08-05,"252,95","254,26",250,"254,26","297,08"
2014-08-06,"254,26","254,26","254,26","254,26",0
2014-08-07,248,"252,85","242,35","249,8","354,97"
2014-08-08,"243,15","244,9","240,05","240,05","373,95"
2014-08-11,235,"248,96",235,248,"12,34"
2014-08-12,"249,96","249,96","249,8","249,8","11,39"
2014-08-13,"249,49","249,7","241,8","245,9","719,43"
2014-08-14,"246,01","246,5","245,01","246,01","399,58"
2014-08-18,"246,45",249,"246,45","248,49","63,59"
2014-08-19,"249,9","249,96","241,51","246,95","283,79"
2014-08-20,"249,9","249,96","237,05","247,09","2462,97"
2014-08-21,"249,96","259,89","249,96","259,89","4141,02"
2014-08-22,"264,5","266,5",262,"264,95","487,85"
2014-08-25,265,"267,06","264,11","266,5","1744,49"
2014-08-26,"266,5","266,5","255,1",262,"468,87"
2014-08-27,262,262,255,259,"10995,33"
2014-08-28,260,"261,5",258,258,"367,13"
2014-08-29,"258,06","258,2",258,"258,06","164,47"
2014-09-01,260,"263,85","258,06","263,85","1006,43"
2014-09-02,263,"264,85",263,"263,95","32,31"
2014-09-03,264,285,260,"281,2","2825,44"
2014-09-04,"268,6",274,"268,3","268,3","75,38"
2014-09-05,268,281,268,280,"180,14"
2014-09-08,279,280,279,280,"2037,33"
2014-09-09,"284,95",289,"283,95",289,"342,66"
2014-09-10,289,"299,9","285,55","299,9","1027,97"
2014-09-11,300,"305,75","297,05","305,75","6790,46"
2014-09-12,"304,9","304,9","304,9","304,9","4836,34"
2014-09-15,"300,05","302,95",298,298,"2172,44"
2014-09-16,298,304,270,304,"3269,91"
2014-09-17,"302,2",304,296,"303,95","1107,27"
2014-09-18,295,"300,55","280,05","299,95","1499,85"
2014-09-19,"299,95","299,95","290,95","299,9","48,95"
2014-09-22,"299,5","299,5",283,"287,7","2049,08"
2014-09-23,"293,25","295,1",293,295,"645,17"
2014-09-24,299,299,295,"298,95","131,19"
2014-09-25,298,300,298,"299,95","517,9"
2014-09-26,"299,95","299,95","290,1","299,95","417,06"
2014-09-29,"299,9","299,95",299,299,"825,31"
2014-09-30,"291,95",299,"287,05","291,95","1091,6"
2014-10-01,"288,05","296,75","283,05","284,05","747,97"
2014-10-02,"279,95",280,277,"279,49","217,34"
2014-10-03,277,279,277,279,"4,9"
2014-10-06,"276,95",279,"271,05",279,"1717,19"
2014-10-07,"282,95","282,95","264,1",277,"3264,04"
2014-10-08,"269,95",277,"269,95",277,"772,44"
2014-10-09,277,277,277,277,0
2014-10-10,"276,95","276,95","276,45","276,45","12,73"
2014-10-13,"272,95","272,95","268,15",270,"7515,91"
2014-10-14,"269,95","272,1","269,95","272,1","66,57"
2014-10-15,"269,95",272,"269,95",272,"92,03"
2014-10-16,"262,4",272,"260,3","271,9","254,54"
2014-10-17,"271,85","271,85","261,65","269,05","158,6"
2014-10-20,265,"267,45","262,8","265,35","120,42"
2014-10-21,264,271,264,271,"834,12"
2014-10-22,267,269,265,269,"161,54"
2014-10-23,"268,95",270,"268,95",270,"157,62"
2014-10-24,"270,95",275,"270,95",275,"518,88"
2014-10-27,"276,9",277,"276,8","276,8","102,8"
2014-10-28,275,275,275,275,"4999,84"
2014-10-29,275,275,275,275,"25,45"
2014-10-30,270,275,270,275,"2670,76"
2014-10-31,"276,9",281,"276,9",281,"613,84"
2014-11-03,"284,5","284,5",281,"282,05","161,54"
2014-11-04,"282,05","285,9","282,05",284,"168,39"
2014-11-05,290,"301,5",290,300,"13075,74"
2014-11-06,300,300,293,293,"149,79"
2014-11-07,"297,85",298,"295,25",298,"3920,96"
2014-11-10,"299,95","299,95","296,4",299,"331,89"
2014-11-12,"298,95","304,95","298,5","304,95","14316,15"
2014-11-13,"299,5",304,"299,5","300,05","310,35"
2014-11-14,305,"305,9",301,"303,75","928,11"
2014-11-17,303,"306,7","302,15","305,5","3650,75"
2014-11-18,"305,45","305,45","302,95","303,05","250,63"
2014-11-19,303,"308,5",303,306,"3313,97"
2014-11-20,"306,85","306,85",285,300,"2364,32"
2014-11-21,"303,95","303,95","299,95",300,"7226,12"
2014-11-24,"309,99","309,99","298,85","298,85","78,32"
2014-11-25,"298,85","298,85","293,4","296,65","81,26"
2014-11-26,"296,6","296,6",286,292,"322,1"
2014-11-27,"298,95","299,05","288,2","293,05","3528,37"
2014-11-28,"299,95","299,95","292,8","298,95","65,59"
2014-12-01,"305,85","305,85",292,"292,7","146,85"
2014-12-02,"292,75",300,"285,05",300,"1718,17"
2014-12-03,"299,95","299,95",296,297,"914,4"
2014-12-04,"297,05","299,05","297,05","297,05","24,48"
2014-12-05,"299,95","299,95","293,05",295,"156,64"
2014-12-08,"295,95","297,05",292,292,"73,43"
2014-12-09,"290,95","299,3","290,95","299,3","94,96"
2014-12-10,"299,25","299,25",292,"292,5","353,42"
2014-12-11,291,"297,05",291,295,"236,92"
2014-12-12,295,"298,3",295,"298,3","144,89"
2014-12-15,"298,3","298,3","298,3","298,3","0,98"
2014-12-16,291,298,291,298,"96,92"
2014-12-17,295,298,282,298,"3970,89"
2014-12-18,298,304,"283,5",304,"1261,95"
2014-12-19,"300,05",305,300,305,"189,93"
2014-12-22,297,312,297,312,"681,4"
2014-12-23,311,320,"310,15",319,"1104,33"
2014-12-29,"315,2","327,95","309,99",311,"12671,41"
2014-12-30,"309,99",315,"309,2","309,99","7638,28"
2015-01-02,"304,95","315,45","304,95","312,95","99,86"
2015-01-05,306,"314,95",306,"313,7","73,43"
2015-01-07,"313,7","313,7","309,99",312,"302,52"
2015-01-08,"314,85",322,"312,95",320,"3973,83"
2015-01-09,320,325,"319,5",325,"5048,79"
2015-01-12,"323,95",325,"314,05","317,1","365,17"
2015-01-13,"314,95",319,"314,95",319,"729,37"
2015-01-14,"321,95","321,95",312,"320,95","7010,73"
2015-01-15,"317,85","317,85","313,05","317,5","65,59"
2015-01-16,321,321,"305,1","309,99","9818,55"
2015-01-19,309,"314,9","295,1","295,1","620,7"
2015-01-20,"295,75","306,1","295,75","306,1","7260,38"
2015-01-21,"311,45","311,5","304,5","304,5","9297,72"
2015-01-22,311,311,"306,05","306,05","82,24"
2015-01-23,"314,95","314,95","308,45","308,45","11,75"
2015-01-26,"317,95","317,95","309,95","310,5","45,03"
2015-01-27,"310,5","312,5","309,99","309,99","5309,2"
2015-01-28,"316,9","316,9","309,95","309,99","26,43"
2015-01-29,"316,75","316,75",302,"304,35","5290,6"
2015-01-30,312,"316,75",305,"316,75","553,14"
2015-02-02,317,317,"305,95","311,45","33,29"
2015-02-03,"310,15","312,5","310,1","310,1","3750,61"
2015-02-04,315,315,"309,99","310,7","5753,68"
2015-02-05,306,"318,6",306,311,"3834,81"
2015-02-06,"311,55","311,55","311,55","311,55","4,9"
2015-02-09,"311,5","311,5","311,5","311,5","4,9"
2015-02-10,"314,95","316,1","305,85","308,5","514,96"
2015-02-11,"318,55","318,55","309,99","311,05","5581,37"
2015-02-12,"311,05","311,5","308,55","308,55",5972
2015-02-13,"311,6",324,"311,5",322,"661,81"
2015-02-16,328,329,"324,6","326,05","596,22"
2015-02-17,"324,6","327,45","324,6","325,6","78,32"
2015-02-18,"327,5","327,5","326,05","326,25",2006
2015-02-19,"327,35","327,35","322,5",327,"942,79"
2015-02-20,"326,95",327,"325,2",327,"607,97"
2015-02-23,327,327,"324,05","324,05","92,03"
2015-02-24,"323,65","323,65","323,65","323,65","3858,3"
2015-02-25,"328,95","328,95",327,327,"5,87"
2015-02-26,329,329,329,329,"3,92"
2015-02-27,326,329,"321,15",329,"1669,22"
2015-03-02,"329,95","339,75","329,95",337,"700,98"
2015-03-03,338,338,322,330,"249,65"
2015-03-04,328,"339,95",328,"339,75","437,62"
2015-03-05,"339,95","348,9","339,95",348,"261,4"
2015-03-06,"348,9",358,"345,25","345,25","706,85"
2015-03-09,"353,95","353,95",330,330,"114,54"
2015-03-10,338,"345,95",335,340,"438,6"
2015-03-11,340,340,337,"339,85","218,32"
2015-03-12,340,340,340,340,"0,98"
2015-03-13,"339,9","339,9",335,335,"6,85"
2015-03-16,330,338,330,338,"9,79"
2015-03-17,"339,95",348,"333,15","347,5","699,02"
2015-03-18,"352,5",358,"340,05",358,"3486,28"
2015-03-19,"354,95",370,345,368,"2514,11"
2015-03-20,"369,8",370,352,362,"3879,84"
2015-03-23,"365,95","365,95",350,"354,15","60902,63"
2015-03-24,"354,15",370,"353,95",368,"350,49"
2015-03-25,368,368,359,360,"535,52"
2015-03-26,360,"364,5","350,05",360,"300,56"
2015-03-27,"359,95","359,95","347,85","358,8","1126,85"
2015-03-30,"366,95","366,95",350,360,"10295,33"
2015-03-31,361,361,"352,05",359,"186,01"
2015-04-01,"366,4","366,4",360,"363,9","487,55"
2015-04-02,"360,95",364,"352,2",364,"1159,16"
2015-04-07,"361,95","361,95",356,360,"464,05"
2015-04-08,"355,05","358,95",350,"350,5","283,91"
2015-04-09,"351,05","355,95","350,5","350,5","551,19"
2015-04-10,"358,5",370,"358,5",363,"1732,86"
2015-04-13,363,363,"359,5","359,5","354,4"
2015-04-14,360,363,360,363,"203,64"
2015-04-15,365,368,365,367,"1825,87"
2015-04-16,367,370,367,"369,8","548,25"
2015-04-17,"369,8","379,8",368,"377,95","892,86"
2015-04-20,"379,9","394,95","379,9",386,"560,98"
2015-04-21,393,393,390,"390,5","312,31"
2015-04-22,"390,9","390,9","375,15",385,"468,95"
2015-04-23,385,"385,95","372,05",375,"15303,98"
2015-04-24,380,"384,9",380,"384,75","43,08"
2015-04-27,"380,06","387,95",380,"384,95","683,35"
2015-04-28,389,389,385,"386,95","1640,83"
2015-04-29,"390,9",400,390,400,"9530,72"
2015-04-30,400,420,400,417,"2269,36"
2015-05-04,420,"438,55",420,433,"12344,41"
2015-05-05,438,"448,95",430,"437,9","1169,92"
2015-05-06,"437,85","437,85",425,"436,7","10053,52"
2015-05-07,"437,5",440,430,"437,5","9495,48"
2015-05-08,"437,5","437,5",434,434,"2386,84"
2015-05-11,434,437,430,"431,5","437,62"
2015-05-12,"426,2","431,45",425,431,"806,71"
2015-05-13,425,"434,95",425,433,"1471,46"
2015-05-14,433,435,425,430,"3866,13"
2015-05-15,430,430,402,"429,95","2021,67"
2015-05-18,"421,5",435,"421,5","432,5","705,87"
2015-05-19,"432,9","432,9","432,5","432,5","14,69"
2015-05-20,430,430,424,"429,95","435,66"
2015-05-21,"429,9","429,9",425,425,"726,43"
2015-05-22,412,425,412,425,"770,49"
2015-05-25,"429,85","429,85","420,1","428,3","692,16"
2015-05-26,"428,25","428,25",418,"421,2","268,25"
2015-05-27,423,430,423,"429,95","3565,58"
2015-05-28,430,440,"429,5",440,"1816,07"
2015-05-29,"440,65","454,95","440,65","454,95","2083,35"
2015-06-01,"454,95","454,95","449,3","449,9","1017,2"
2015-06-02,"449,9","449,9","440,05","441,1","1521,39"
2015-06-03,"441,1","447,2","425,1",435,"982,93"
2015-06-05,436,436,"430,1",436,"165,45"
2015-06-08,"431,05",435,431,"434,9","1539,99"
2015-06-09,"442,9",445,416,435,"791,04"
2015-06-10,435,435,430,"434,95","143,92"
2015-06-11,"439,95","439,95",430,430,"34,27"
2015-06-12,"426,1",435,"425,1",435,"597,2"
2015-06-15,452,452,"435,5","437,5","31,33"
2015-06-16,"442,9","442,9",433,436,"11,75"
2015-06-17,427,"432,9","423,05","432,9","42,1"
2015-06-18,"430,95",431,"405,05","428,8","354,4"
2015-06-19,"433,8","433,8",426,426,"381,82"
2015-06-22,"428,95","435,95",428,"428,95","65,59"
2015-06-23,"429,5","437,9","429,4",430,"475,8"
2015-06-24,"429,95",430,"421,05",428,"379,86"
2015-06-25,"429,95","429,95",422,"426,8","581,54"
2015-06-26,420,"444,95",415,430,"384,75"
2015-06-29,427,440,412,430,"834,12"
2015-06-30,430,430,"413,15",422,"2632,57"
2015-07-01,415,422,415,417,"859,58"
2015-07-02,400,425,"382,05",425,"1546,85"
2015-07-03,"420,3",422,420,422,"12,73"
2015-07-06,"427,35","427,35","427,35","427,35","2,94"
2015-07-07,"427,35","436,7",425,425,"34,27"
2015-07-08,420,"435,95",417,417,"95,94"
2015-07-09,429,429,417,"424,95","64,62"
2015-07-10,"428,9","439,95",420,"439,95","1294,26"
2015-07-13,430,"439,9","428,05","439,9","65,59"
2015-07-14,"439,8","439,8","426,85",437,"149,79"
2015-07-15,"443,9",444,427,"430,05","1397,06"
2015-07-16,434,"437,5","433,85",437,"71,47"
2015-07-17,437,438,437,438,"5,87"
2015-07-20,442,442,435,435,"35,24"
2015-07-21,"435,2",440,"428,1","428,1",840
2015-07-22,430,"430,6",426,"428,9","848,81"
2015-07-23,428,"429,95","418,5",421,5219
2015-07-24,426,426,421,421,312
2015-07-27,"415,1","428,4","413,5","428,4",11821
2015-07-28,"428,45","428,5","423,5",428,2108
2015-07-29,"422,5","434,9",421,"429,9",365
2015-07-30,"431,95",436,430,"435,8",1679
2015-07-31,"435,45","435,95","435,45","435,9",730
2015-08-03,436,"440,45","433,05",436,1029
2015-08-04,"438,95","440,55",436,439,186
2015-08-05,440,467,"437,5",467,1209
2015-08-06,466,466,"450,05","450,4",107
2015-08-07,"459,95","459,95",435,442,262
2015-08-10,"447,95","447,95","425,3",435,338
2015-08-11,"427,05","458,85","427,05","454,9",473
2015-08-12,"445,05","451,45",445,450,1002
2015-08-13,"459,95",470,"459,95",461,972
2015-08-14,470,470,"452,05",460,570
2015-08-17,470,"474,95",462,469,528
2015-08-18,475,"480,65","470,05","475,9",83
2015-08-19,480,"480,5",474,"478,9",133
2015-08-20,"475,9",481,472,472,2361
2015-08-21,"480,95","480,95","467,7","473,3",139
2015-08-24,460,462,450,462,928
2015-08-25,445,"464,95",445,"459,9",2140
2015-08-26,"451,55","459,95","451,55",452,580
2015-08-27,"458,95","464,9","435,05","464,9",587
2015-08-28,465,"468,7","464,95","468,6",150
2015-08-31,"468,65","468,65",457,460,615
2015-09-01,"446,1","459,95","443,05",453,359
2015-09-02,"456,4","456,4","446,05","446,4",237
2015-09-03,446,"454,1","438,15","452,8",1629
2015-09-04,"452,8","452,8","438,25","449,95",157
2015-09-07,"455,05","455,05","439,05",454,207
2015-09-08,456,456,"442,05","449,85",531
2015-09-09,450,455,"444,6",449,490
2015-09-10,445,445,444,"444,95",227
2015-09-11,"454,9","454,9",439,"439,9",408
2015-09-14,438,438,434,435,131
2015-09-15,432,432,"418,6","429,4",4832
2015-09-16,431,431,"425,2",430,172
2015-09-17,425,425,420,420,815
2015-09-18,419,"424,8","414,3","424,8",3280
2015-09-21,426,426,"417,1","422,3",35
2015-09-22,"422,3","422,3","415,1","419,5",38
2015-09-23,"421,45","421,45","403,1",415,11486
2015-09-24,"449,6","449,6",410,414,408
2015-09-25,414,415,412,415,164
2015-09-28,415,415,"405,1","407,2",76
2015-09-29,400,407,395,406,10099
2015-09-30,406,428,"404,95",411,1282
2015-10-01,411,"418,95","408,9","408,9",130
2015-10-02,"408,9","417,95",400,"407,5",3584
2015-10-05,"407,5",439,"407,4",425,467
2015-10-06,"439,9","439,9",421,421,286
2015-10-07,"427,95","427,95",416,420,6364
2015-10-08,434,434,415,420,718
2015-10-09,"421,9","421,9",416,"416,15",1332
2015-10-12,"417,55",439,"417,55",428,180
2015-10-13,420,420,"408,75",412,3314
2015-10-14,"428,95","428,95","410,1","419,7",482
2015-10-15,"424,95","428,3","415,55","428,3",1234
2015-10-16,"428,3","428,3","418,3","428,3",2097
2015-10-19,427,"427,5","418,5","427,5",343
2015-10-20,425,443,419,440,1140
2015-10-21,"439,9","439,9",432,435,905
2015-10-22,434,434,"427,05",430,2120
2015-10-23,"432,05",447,429,429,568
2015-10-26,"431,15",434,"431,15",434,51
2015-10-27,"438,95",439,430,430,232
2015-10-28,"422,2","442,95","422,2",431,450
2015-10-29,431,436,"430,2",434,611
2015-10-30,428,452,"427,95",440,1743
2015-11-02,"449,95","449,95","439,95",440,259
2015-11-03,448,448,425,428,326
2015-11-04,430,"431,5",426,"428,85",381
2015-11-05,"433,9","433,9","417,05","417,05",8596
2015-11-06,"411,05",422,410,"419,95",172
2015-11-09,423,423,419,"422,75",29
2015-11-10,"422,95","422,95",418,"422,75",199
2015-11-12,"422,85","422,85",419,421,877
2015-11-13,421,"429,8","411,1","429,8",118
2015-11-16,430,440,420,"439,9",722
2015-11-17,440,440,438,"439,5",12
2015-11-18,"439,5","439,5",429,429,247
2015-11-19,"428,2","436,75",427,"430,9",3262
2015-11-20,"435,95","435,95",425,"429,65",29
2015-11-23,"439,35","439,35",417,"421,9",211
2015-11-24,"421,9","424,9","412,1",420,5414
2015-11-25,"420,1",434,419,"421,9",3433
2015-11-26,"424,35","424,35",416,"423,5",371
2015-11-27,"423,5",434,420,"424,95",2364
2015-11-30,"433,9","433,9",420,"426,5",2869
2015-12-01,429,429,"417,05",423,273
2015-12-02,"433,3","433,3",419,"429,95",33
2015-12-03,"429,6","429,6",420,"420,9",657
2015-12-04,"415,2","419,95","410,25","419,95",109
2015-12-07,420,420,"412,1",420,353
2015-12-08,"412,1",415,407,407,744
2015-12-09,403,419,398,419,8645
2015-12-10,"406,3",420,"406,3","409,9",312
2015-12-11,420,420,"403,55",407,529
2015-12-14,399,"427,5",398,"402,8",390
2015-12-15,400,413,398,413,4257
2015-12-16,"404,1",416,"404,1",415,331
2015-12-17,420,420,"412,2","419,95",2114
2015-12-18,"419,95","419,95","410,2","419,95",1079
2015-12-21,420,420,411,412,148
2015-12-22,412,430,400,412,1006
2015-12-23,411,430,411,425,1549
2015-12-28,421,425,416,425,1864
2015-12-29,420,425,"415,1",425,2120
2015-12-30,415,440,415,440,5944
2016-01-04,"439,5",440,"422,2",440,1318
2016-01-05,"465,8","465,8",433,435,216
2016-01-07,422,429,"418,5",419,257
2016-01-08,419,427,"416,1",423,2087
2016-01-11,"421,9",432,"416,1","419,6",31
2016-01-12,"429,5","429,5","405,5","405,5",2258
2016-01-13,"418,9","418,9","403,5","409,3",88
2016-01-14,"418,7","418,7",401,402,613
2016-01-15,406,406,"384,05","401,5",1960
2016-01-18,400,400,"395,55","396,5",383
2016-01-19,400,400,390,399,646
2016-01-20,399,399,380,380,716
2016-01-21,378,"385,95",368,370,570
2016-01-22,365,"400,05",365,400,6570
2016-01-25,400,400,395,395,12
2016-01-26,"399,95","399,95","385,05","396,7",70
2016-01-27,"397,95",398,383,398,2023
2016-01-28,"397,95",399,"392,05",399,38
2016-01-29,398,414,"393,5",414,351
2016-02-01,404,409,"400,15","406,15",63
2016-02-02,415,415,408,408,223
2016-02-03,"415,95","415,95","392,2","392,2",980
2016-02-04,"398,95",410,"398,95",400,5077
2016-02-05,410,410,400,400,7
2016-02-08,"409,5","414,85",396,399,56
2016-02-09,403,403,"392,25",400,34
2016-02-10,393,414,"392,1",399,80
2016-02-11,"404,95",412,373,402,166
2016-02-12,411,411,"387,15","396,6",122
2016-02-15,"387,1","397,95","387,1","397,95",119
2016-02-16,405,405,"388,2","394,85",149
2016-02-17,"387,1","399,95","387,1","399,9",103
2016-02-18,"397,45",403,395,403,14
2016-02-19,400,400,396,399,1095
2016-02-22,400,400,387,"394,5",257
2016-02-23,399,399,399,399,1
2016-02-24,395,399,"391,2",399,73
2016-02-25,"406,45","406,45","392,05","393,2",246
2016-02-26,"402,95",403,"401,5","401,5",189
2016-02-29,393,"407,9",393,397,55
2016-03-01,406,406,397,397,31
2016-03-02,394,394,"385,6",394,507
2016-03-03,393,393,"392,85","392,85",13
2016-03-04,"393,9","393,9",385,390,281
2016-03-07,390,"391,5",387,391,277
2016-03-08,394,398,"386,5",398,910
2016-03-09,398,398,"373,2",394,1002
2016-03-10,399,406,395,406,4417
2016-03-11,406,"407,9",400,400,448
2016-03-14,"405,95","405,95","395,65",404,1080
2016-03-15,405,405,"401,3","401,3",8334
2016-03-16,404,"405,9","399,9","405,9",19
2016-03-17,406,"407,9",400,"407,9",528
2016-03-18,407,"407,9",402,"407,9",347
2016-03-21,"406,95",447,"406,95",447,671
2016-03-22,"449,95",450,430,436,907
2016-03-23,436,445,"430,25",439,535
2016-03-24,435,437,"429,05",436,563
2016-03-29,"443,9","443,9","431,25",433,87
2016-03-30,435,"439,95",435,"439,9",514
2016-03-31,"443,6",447,"435,3",447,780
2016-04-01,"437,3","446,9","436,5","446,9",409
2016-04-04,"446,9","446,9","440,3","440,3",15
2016-04-05,"440,3","443,9","436,15","443,9",92
2016-04-06,"443,9","443,9","443,9","443,9",3
2016-04-07,"434,1",445,"434,1",445,118
2016-04-08,445,445,445,445,1
2016-04-11,445,445,441,"444,5",20
2016-04-12,"444,5","444,5","444,5","444,5",1
2016-04-13,"443,65","443,65","441,3","441,3",48
2016-04-14,"441,35","442,05","441,35","442,05",19
2016-04-15,"442,1","444,5","442,1","444,5",193
2016-04-18,444,444,444,444,5
2016-04-19,444,"468,95","442,15",468,6642
2016-04-20,"468,9",500,"467,9",499,4045
2016-04-21,500,530,"487,75",489,477
2016-04-22,489,494,"485,2",494,611
2016-04-25,"499,9","499,9",490,499,922
2016-04-26,"499,85","499,85","494,3",498,583
2016-04-27,"499,95",502,497,"499,95",4200
2016-04-28,500,"518,8",500,510,3422
2016-04-29,518,550,"515,1",540,4678
2016-05-02,"539,5",540,"539,5",540,99
2016-05-04,550,550,532,532,3957
2016-05-05,526,526,505,508,964
2016-05-06,508,530,508,"527,95",183
2016-05-09,"547,5","547,5",512,523,70
2016-05-10,"523,95","535,95",510,535,272
2016-05-11,535,"544,9",535,"544,9",101
2016-05-12,540,540,540,540,2
2016-05-13,540,540,"539,8","539,8",7
2016-05-16,536,540,528,540,112
2016-05-17,"538,75",540,526,540,1419
2016-05-18,540,544,530,540,2275
2016-05-19,540,548,540,540,304
2016-05-20,540,548,"519,1","529,95",471
2016-05-23,"539,5","539,5","519,5",537,33
2016-05-24,"528,8","528,8",516,516,322
2016-05-25,518,"518,5",515,"518,5",385
2016-05-27,520,545,520,540,2090
2016-05-30,540,540,531,540,872
2016-05-31,540,545,"531,2","539,95",354
2016-06-01,540,540,"521,2",538,136
2016-06-02,540,540,"521,6",540,237
2016-06-03,540,540,540,540,11
2016-06-06,540,540,"539,95","539,95",4
2016-06-07,540,540,539,540,6
2016-06-08,540,540,539,540,61
2016-06-09,540,540,527,540,53
2016-06-10,550,550,535,540,57
2016-06-13,540,540,530,"539,95",56
2016-06-14,560,560,"521,3",534,302
2016-06-15,"526,95",540,"521,5",540,1727
2016-06-16,"539,4","539,4","525,1",535,1196
2016-06-17,535,540,"518,1",540,502
2016-06-20,550,550,530,539,64
2016-06-21,539,539,539,539,1
2016-06-22,540,540,530,"538,6",260
2016-06-23,"537,85","537,85","504,3","515,2",1726
2016-06-24,469,500,"463,3",500,716
2016-06-27,520,520,"480,15",500,702
2016-06-28,515,"524,9",500,517,556
2016-06-29,529,"539,9","508,3",530,91
2016-06-30,532,"554,8","520,1","544,9",492
2016-07-01,549,549,"535,1",540,1914
2016-07-04,539,539,539,539,1
2016-07-05,539,539,539,539,1
2016-07-06,"539,8","539,8",519,525,303
2016-07-07,"537,8","537,8",508,524,469
2016-07-08,525,525,525,525,1
2016-07-11,525,534,524,525,78
2016-07-12,534,534,"525,1","533,9",37
2016-07-13,"533,9","548,9","521,2","548,9",1835
2016-07-14,"548,6","548,6",536,"547,9",56
2016-07-15,"547,85","548,8",538,545,187
2016-07-18,"548,8","548,8",535,536,6
2016-07-19,546,548,540,548,25
2016-07-20,548,598,548,"569,5",974
2016-07-21,"569,5","577,75","554,7",570,1212
2016-07-22,590,590,560,570,714
2016-07-25,570,570,561,570,99
2016-07-26,570,595,570,595,71
2016-07-27,581,604,580,590,355
2016-07-28,600,600,"572,5","578,75",626
2016-07-29,575,575,575,575,609
2016-08-01,599,599,567,"584,9",26
2016-08-02,598,598,"570,05",572,87
2016-08-03,589,599,"575,5",577,94
2016-08-04,590,590,576,"576,15",12
2016-08-05,622,622,580,580,110
2016-08-08,"597,5","597,5","597,35","597,5",13
2016-08-09,"597,5",600,590,600,374
2016-08-10,"599,9","599,9",590,"599,5",73
2016-08-11,590,"599,95",585,"597,9",253
2016-08-12,"599,95",600,587,"597,5",517
2016-08-16,590,599,"582,1",599,92
2016-08-17,599,600,586,600,16
2016-08-18,600,621,595,610,10654
2016-08-19,618,649,612,"636,95",3266
2016-08-22,637,665,637,664,5044
2016-08-23,687,687,650,650,1740
2016-08-24,"650,05",670,650,670,860
2016-08-25,670,700,650,700,1471
2016-08-26,681,700,680,690,1490
2016-08-29,685,700,685,699,1328
2016-08-30,699,699,687,695,2229
2016-08-31,693,693,680,689,451
2016-09-01,690,690,680,685,134
2016-09-02,685,693,680,680,64211
2016-09-05,"684,7",691,"684,7",691,3839
2016-09-06,700,700,685,687,25
2016-09-07,687,697,685,697,112
2016-09-08,710,710,676,"685,5",5900
2016-09-09,"689,2","689,2",665,680,280
2016-09-12,678,694,675,694,34
2016-09-13,690,"693,95",670,670,4824
2016-09-14,679,690,666,689,3437
2016-09-15,688,688,"672,1",679,21
2016-09-16,688,688,"673,1",679,13
2016-09-19,"679,35","679,4",675,675,57
2016-09-20,688,688,680,680,8
2016-09-21,688,688,"671,2",679,25
2016-09-22,"685,7","685,7",670,672,15
2016-09-23,674,674,"658,1",667,130
2016-09-26,667,685,667,"684,9",55
2016-09-27,"682,4","682,4",666,678,1128
2016-09-28,"677,35",678,677,678,99
2016-09-29,690,"707,7","689,95",690,1315
2016-09-30,690,690,666,690,4320
2016-10-03,690,690,668,668,3154
2016-10-04,677,689,675,686,1605
2016-10-05,"687,9","687,9",671,"684,95",938
2016-10-06,"684,95","684,95",671,671,1806
2016-10-07,671,671,655,664,220
2016-10-10,655,665,650,"659,9",307
2016-10-11,"659,9","659,9","631,3",633,263
2016-10-12,632,649,"625,35",649,4408
2016-10-13,"657,25","657,25",626,626,287
2016-10-14,626,"638,7",626,"638,7",40
2016-10-17,630,637,630,635,35
2016-10-18,"639,5","639,5",625,"639,45",68
2016-10-19,638,638,628,628,31
2016-10-20,"637,7",650,634,640,6871
2016-10-21,649,672,649,"669,7",126
2016-10-24,669,670,657,670,5498
2016-10-25,669,670,660,660,317
2016-10-26,660,680,659,680,4621
2016-10-27,"679,95","679,95",670,679,47
2016-10-28,679,679,643,662,451
2016-10-31,670,700,660,700,2592
2016-11-02,699,699,667,677,548
2016-11-03,677,"709,95",677,"709,95",2865
2016-11-04,709,709,"688,55",694,161
2016-11-07,700,700,"677,1","680,05",1965
2016-11-08,694,694,"678,85","678,85",159
2016-11-09,677,"698,75",660,"679,95",1106
2016-11-10,"671,05",688,671,688,5433
2016-11-14,688,"696,8",688,"696,55",6
2016-11-15,689,690,674,689,39
2016-11-16,"688,5","688,5",680,685,515
2016-11-17,680,698,680,696,5801
2016-11-18,681,696,681,"686,25",38838
2016-11-21,697,697,"686,25","686,25",26
2016-11-22,"697,5",698,687,"690,5",48
2016-11-23,"690,5",696,690,690,13
2016-11-24,"697,5","697,5",689,690,226
2016-11-25,700,700,689,689,135
2016-11-28,700,700,"688,5","688,5",25
2016-11-29,697,697,689,"690,05",18
2016-11-30,"690,05","699,95",690,690,21
2016-12-01,698,698,698,698,1
2016-12-02,700,700,695,700,9071
2016-12-05,700,700,699,"699,95",1396
2016-12-06,700,700,"699,95","699,95",44
2016-12-07,"699,95","699,95",695,695,51
2016-12-08,695,"699,8",695,699,57
2016-12-09,699,699,699,699,22
2016-12-12,"699,5","699,5",691,"698,8",19
2016-12-13,"699,4",710,690,709,4751
2016-12-14,710,710,"688,5",689,391
2016-12-15,"699,85",710,688,708,5832
2016-12-16,710,710,694,709,154
2016-12-19,705,710,694,710,2620
2016-12-20,721,721,697,697,237
2016-12-21,700,715,"696,1","696,1",87
2016-12-22,700,"706,45",700,703,132
2016-12-23,706,"716,05",700,700,78
2016-12-27,700,703,"695,05",700,49
2016-12-28,"709,95","709,95",700,700,82
2016-12-29,700,705,699,700,73
2016-12-30,690,690,"686,2",690,1564
2017-01-02,"685,55",703,"685,55","702,75",15
2017-01-03,"702,75","709,45",692,704,613
2017-01-04,"708,4","708,4",698,704,148
2017-01-05,"704,95",705,700,703,11
2017-01-09,703,750,702,"735,1",1293
2017-01-10,735,"787,85",735,"787,85",3399
2017-01-11,"787,8","789,95",780,780,557
2017-01-12,"784,95","784,95","755,1","760,05",245
2017-01-13,776,776,"758,5",760,401
2017-01-16,"773,5",780,"769,8","769,8",581
2017-01-17,776,"794,95",770,"776,4",2252
2017-01-18,794,"799,95",790,"799,95",180
2017-01-19,800,"818,8",795,800,110
2017-01-20,"809,95","809,95","803,9","803,9",80
2017-01-23,804,815,"799,05","799,95",456
2017-01-24,811,"824,95",801,819,284
2017-01-25,818,"871,5",818,839,723
2017-01-26,839,854,825,826,425
2017-01-27,826,850,819,825,3527
2017-01-30,830,848,830,848,270
2017-01-31,848,880,"836,1",880,1505
2017-02-01,880,880,855,867,318
2017-02-02,"867,05","872,95","838,05","840,25",147
2017-02-03,841,870,840,860,1461
2017-02-06,860,864,"845,55","863,95",155
2017-02-07,"850,55","869,95",845,845,120
2017-02-08,845,"864,5","830,9",859,118
2017-02-09,831,888,"830,9",861,1114
2017-02-10,899,899,862,862,80
2017-02-13,870,898,862,863,1603
2017-02-14,870,895,866,880,172
2017-02-15,880,880,"849,1","849,1",98
2017-02-16,"849,1",870,"849,1",870,1143
2017-02-17,853,870,853,869,248
2017-02-20,870,870,"851,1",855,2307
2017-02-21,855,"939,5",851,919,1837
2017-02-22,919,930,894,895,590
2017-02-23,"929,85","929,85",889,900,349
2017-02-24,895,899,"870,05",890,651
2017-02-27,"899,55",928,"873,1",928,116
2017-02-28,928,928,"897,3",900,652
2017-03-01,900,925,900,925,80
2017-03-02,930,"938,55",902,"938,55",363
2017-03-03,910,915,895,895,255
2017-03-06,"907,95","907,95","881,6","890,5",290
2017-03-07,889,900,870,895,208
2017-03-08,900,900,880,882,23
2017-03-09,935,950,"903,05",904,1019
2017-03-10,950,989,890,890,72627
2017-03-13,"929,95","958,95",922,941,1291
2017-03-14,949,"957,5",940,941,219
2017-03-15,950,950,925,925,2925
2017-03-16,927,"957,8",927,"948,5",1767
2017-03-17,"957,9",958,925,939,768
2017-03-20,940,"947,1",927,"930,5",649
2017-03-21,"946,55","946,55",909,915,3555
2017-03-22,928,"928,5","901,1",920,111
2017-03-23,930,930,912,915,51
2017-03-24,929,945,912,"944,95",3237
2017-03-27,"912,5",939,"912,5","916,05",216
2017-03-28,"916,05",930,"916,05","929,95",98
2017-03-29,"929,95","929,95","913,55",928,46
2017-03-30,"938,95","938,95","913,4",923,74
2017-03-31,938,940,"914,5",940,1520
2017-04-03,"944,5","944,95",925,"939,9",58
2017-04-04,"939,45",950,928,"941,6",1826
2017-04-05,"944,55","944,55",922,930,3752
2017-04-06,925,945,925,944,1870
2017-04-07,944,958,"926,3","926,3",655
2017-04-10,"942,55","942,55",935,940,704
2017-04-11,935,"939,9",930,930,335
2017-04-12,930,942,930,931,2478
2017-04-13,931,931,"914,5",920,138
2017-04-18,935,935,"869,95","890,6",1037
2017-04-19,"897,6","904,9",886,"903,5",1581
2017-04-20,906,925,900,925,10018
2017-04-21,925,925,"907,5",911,1073
2017-04-24,907,"939,7",907,"937,95",3804
2017-04-25,"937,9","937,9",924,934,1479
2017-04-26,940,940,911,930,633
2017-04-27,944,974,932,957,10741
2017-04-28,961,967,"951,5","955,05",2907
2017-05-02,960,"977,95","954,3","977,95",1247
2017-05-04,"975,5",1022,975,1016,1669
2017-05-05,1020,"1048,8",1010,1037,2141
2017-05-08,1037,1069,1031,"1044,1",927
2017-05-09,1050,1075,1050,"1074,9",871
2017-05-10,"1074,9",1089,1060,1060,9542
2017-05-11,1060,1065,1040,1040,3587
2017-05-12,"1045,05",1050,"1039,95","1039,95",461
2017-05-15,1041,1041,"1016,8",1038,7546
2017-05-16,1038,1039,1017,1029,935
2017-05-17,1026,1026,1002,1002,163
2017-05-18,1001,1015,981,999,240
2017-05-19,1010,"1038,9",1004,1030,91
2017-05-22,1025,1027,1012,1012,103
2017-05-23,"1026,9",1070,1015,1045,307
2017-05-24,"1038,05","1057,95","1017,5",1050,825
2017-05-25,1052,1060,"1035,5",1055,289
2017-05-26,1055,"1063,9",1055,1055,551
2017-05-29,1035,1059,1035,"1046,05",12
2017-05-30,"1047,95","1074,9","1047,95",1065,1107
2017-05-31,"1059,15","1059,15",1035,"1046,95",78
2017-06-01,1070,"1075,95",1055,1070,6243
2017-06-02,"1066,95",1071,1061,1071,105
2017-06-05,1071,1110,"1070,9",1090,2022
2017-06-06,1110,1110,"1075,3",1090,1444
2017-06-07,"1083,75","1083,75","1075,5",1080,374
2017-06-08,1078,1078,1061,"1077,95",119
2017-06-09,1090,1090,1087,1089,107
2017-06-12,1080,1110,1080,1090,813
2017-06-13,1090,1100,1090,1100,201
2017-06-14,"1095,65","1097,45",1090,"1097,45",1130
2017-06-16,1100,1105,1090,1100,133
2017-06-19,1100,1110,1080,"1099,75",681
2017-06-20,1100,1130,1100,1123,591
2017-06-21,1130,1135,"1111,1",1130,1256
2017-06-22,1140,1175,1127,1127,458
2017-06-23,1127,1127,"1100,05",1117,226
2017-06-26,1110,1136,"1080,7",1136,1778
2017-06-27,1138,1149,1135,"1147,9",238
2017-06-28,1150,1150,"1114,05","1114,05",302
2017-06-29,"1148,55","1148,55",1092,1092,270
2017-06-30,"1110,95","1113,95",1090,1110,276
2017-07-03,"1122,25",1135,"1099,9","1099,9",198
2017-07-04,1118,1118,1072,1080,110
2017-07-05,1100,1104,1062,"1078,95",3097
2017-07-06,"1078,95",1099,"1078,95",1095,19
2017-07-07,1112,1124,1110,"1117,9",244
2017-07-10,"1129,5","1129,9",1080,1110,492
2017-07-11,1121,1121,"1103,1",1109,11
2017-07-12,1120,1120,"1082,55",1090,1163
2017-07-13,1100,1100,1075,1075,72
2017-07-14,"1075,35","1096,95",1075,1078,136
2017-07-17,1078,"1094,75",1070,"1089,95",130
2017-07-18,1090,1090,"1071,6","1071,6",431
2017-07-19,1090,1090,1070,1080,183
2017-07-20,1080,1080,1028,1049,998
2017-07-21,1051,1058,1041,1055,5438
2017-07-24,1042,1051,1042,1050,4375
2017-07-25,1060,1060,1036,"1052,95",203
2017-07-26,1059,1059,1040,1059,661
2017-07-27,1044,1059,1040,"1058,75",1002
2017-07-28,1060,1060,"1041,2",1060,28
2017-07-31,1050,1085,1041,1060,396
2017-08-01,1060,1070,1041,1053,386
2017-08-02,1067,1067,"983,1",1005,838
2017-08-03,1000,1009,960,960,806
2017-08-04,962,990,962,974,923
2017-08-07,975,"994,9",970,980,113
2017-08-08,980,993,"978,8",980,376
2017-08-09,972,972,960,967,347
2017-08-10,968,"990,5",968,972,2121
2017-08-11,971,"981,4","953,05","981,1",3199
2017-08-14,"981,3","981,3","970,2","981,3",42
2017-08-16,"981,4","981,4","972,5",980,67
2017-08-17,973,978,972,977,565
2017-08-18,975,979,973,979,564
2017-08-21,"979,95",992,976,990,91
2017-08-22,"990,55","990,55",970,980,154
2017-08-23,994,994,977,980,314
2017-08-24,985,"1033,5",960,"1033,5",25654
2017-08-25,1029,1030,1015,"1022,15",562
2017-08-28,"1025,55","1025,55","983,1",1020,458
2017-08-29,"1022,05",1029,995,1006,328
2017-08-30,1009,1009,985,985,215
2017-08-31,1000,1000,982,1000,652
2017-09-01,"1000,45",1003,999,999,2009
2017-09-04,999,1020,999,1000,109
2017-09-05,1019,1019,1000,"1008,95",66
2017-09-06,1018,1018,995,995,261
2017-09-07,995,"1009,9",989,989,5525
2017-09-08,"994,5","994,5",989,"994,5",548
2017-09-11,1000,1000,989,990,642
2017-09-12,1000,1050,990,1024,4222
2017-09-13,"1035,05","1061,95",1000,1000,2542
2017-09-14,"1016,5","1016,5",987,"989,95",506
2017-09-15,991,"1000,95",970,980,530
2017-09-18,983,"992,9",975,985,199
2017-09-19,"997,9",998,976,986,198
2017-09-20,998,1000,"976,5","976,5",735
2017-09-21,995,998,985,990,168
2017-09-22,989,998,976,979,450
2017-09-25,989,"994,95",979,990,93
2017-09-26,985,985,972,974,133
2017-09-27,974,975,928,929,820
2017-09-28,929,948,929,948,166
2017-09-29,948,953,928,"932,5",3153
2017-10-02,930,"942,55",925,934,2036
2017-10-03,931,978,"926,1",962,8098
2017-10-04,"969,95","1039,7","963,05","1039,7",15758
2017-10-05,"1040,05",1047,1006,1026,8016
2017-10-06,1020,1039,"1015,05","1038,8",5757
2017-10-09,1050,1058,986,"1029,8",6302
2017-10-10,1029,1030,"995,3",1000,19658
2017-10-11,1000,"1049,95",995,1032,40228
2017-10-12,1032,1033,1020,1030,494
2017-10-13,1030,1040,1016,1030,3811
2017-10-16,1030,1030,"1017,15",1023,305
2017-10-17,1023,1035,1018,1035,305
2017-10-18,1030,1032,"1010,2",1032,152
2017-10-19,1011,1030,1011,1029,2873
2017-10-20,"1028,95","1028,95","1010,3",1020,1438
2017-10-23,1014,1015,"973,2","999,85",1456
2017-10-24,"986,35",1011,979,1011,849
2017-10-25,1011,1020,"985,55",1020,3436
2017-10-26,1025,1045,1025,1039,9147
2017-10-27,1039,1040,"1021,35",1040,1201
2017-10-30,1040,1040,1016,1040,3950
2017-10-31,"1039,45","1039,45","1026,2",1039,599
2017-11-02,1030,"1038,4",1015,1015,1466
2017-11-03,1033,"1035,55","1015,75","1015,8",932
2017-11-06,"1015,85",1030,"1003,5",1030,594
2017-11-07,1030,1070,1018,"1067,05",11401
2017-11-08,"1067,05",1099,1060,1063,2542
2017-11-09,"1100,25","1136,5","1066,95","1119,9",6873
2017-11-10,1111,1115,1073,1115,3294
2017-11-13,1115,1115,1090,1115,978
2017-11-14,1115,1145,"1114,95",1145,3332
2017-11-15,1140,1149,1123,1149,568
2017-11-16,1111,1159,1111,1149,612
2017-11-17,1156,1156,1131,1148,40
2017-11-20,"1155,85","1155,85","1128,05",1140,582
2017-11-21,1140,1140,1116,"1136,95",136
2017-11-22,1137,1140,1115,1116,451
2017-11-23,1126,1126,1118,1119,89
2017-11-24,"1139,9",1150,"1130,5",1145,352
2017-11-27,1132,1180,1132,1150,330
2017-11-28,1146,1146,"1077,05",1120,1079
2017-11-29,1120,1150,1120,1135,1091
2017-11-30,1149,1149,"1112,1","1114,55",67
2017-12-01,1115,"1124,55",1100,"1124,55",230
2017-12-04,1125,"1141,4",1101,1140,220
2017-12-05,1140,1149,1130,1145,162
2017-12-06,"1136,4",1140,"1115,5",1140,331
2017-12-07,1140,1140,1116,"1133,9",1061
2017-12-08,1140,1140,1116,1116,11842
2017-12-11,"1111,05","1123,9",1109,1117,2271
2017-12-12,1125,1125,"1073,6",1105,405
2017-12-13,1119,1120,"1101,05",1120,143
2017-12-14,1090,1135,1090,1135,826
2017-12-15,"1100,15","1134,95","1100,15",1134,120
2017-12-18,"1117,2",1130,"1115,05",1126,163
2017-12-19,"1126,2","1135,2",1118,1130,1851
2017-12-20,1130,1135,1100,1100,1671
2017-12-21,1080,1135,1080,1080,1720
2017-12-22,"1090,5",1130,"1090,5",1100,2296
2017-12-27,1100,1135,1099,1120,2974
2017-12-28,"1102,1",1134,"1102,1",1120,9007
2017-12-29,1090,1170,1090,1170,7304
2018-01-03,1170,1170,1135,1140,434
2018-01-04,1150,1165,1150,1150,405
2018-01-05,1160,1160,1135,1135,117
2018-01-08,1145,1230,1145,1210,5819
2018-01-09,1200,1270,1175,1185,17932
2018-01-10,1185,1200,1170,1195,207
2018-01-11,1205,1210,1180,1200,3096
2018-01-12,1195,1210,1195,1210,1595
2018-01-15,1220,1220,1210,1220,22
2018-01-16,1225,1225,1200,1205,128
2018-01-17,1205,1205,1170,1205,224
2018-01-18,1220,1220,1200,1200,1394
2018-01-19,1220,1220,1180,1195,980
2018-01-22,1200,1200,1185,1190,1320
2018-01-23,1200,1200,1185,1200,2343
2018-01-24,1200,1230,1200,1220,745
2018-01-25,1230,1235,1190,1190,2813
2018-01-26,1205,1205,1120,1185,1569
2018-01-29,1185,1185,1170,1185,799
2018-01-30,1185,1185,1155,1155,18241
2018-01-31,1175,1180,1150,1165,252
2018-02-01,1170,1180,1150,1150,223
2018-02-02,1175,1180,1165,1170,14877
2018-02-05,1140,1170,1135,1150,3914
2018-02-06,1125,1150,1105,1115,1647
2018-02-07,1120,1140,1120,1130,176
2018-02-08,1125,1150,1085,1150,733
2018-02-09,1125,1145,1110,1135,907
2018-02-12,1145,1170,1130,1135,1050
2018-02-13,1160,1160,1130,1130,405
2018-02-14,1125,1145,1125,1145,596
2018-02-15,1160,1160,1130,1150,18
2018-02-16,1145,1145,1110,1130,1742
2018-02-19,1140,1160,1120,1160,1498
2018-02-20,1130,1210,1130,1175,1179
2018-02-21,1195,1195,1155,1155,141
2018-02-22,1155,1155,1135,1145,237
2018-02-23,1165,1165,1125,1135,108
2018-02-26,1135,1170,1135,1150,437
2018-02-27,1135,1170,1125,1145,656
2018-02-28,1135,1170,1135,1170,268
2018-03-01,1145,1165,1145,1160,115
2018-03-02,1150,1160,1140,1140,751
2018-03-05,1140,1160,1130,1160,351
2018-03-06,1160,1160,1145,1145,45
2018-03-07,1155,1155,1140,1150,799
2018-03-08,1155,1160,1145,1150,700
2018-03-09,1150,1160,1145,1150,1103
2018-03-12,1160,1160,1145,1155,90
2018-03-13,1160,1160,1150,1160,304
2018-03-14,1155,1160,1150,1160,241
2018-03-15,1150,1150,1145,1150,42
2018-03-16,1165,1165,1100,1150,2256
2018-03-19,1150,1150,1105,1115,352
2018-03-20,1110,1135,1090,1105,2703
2018-03-21,1100,1120,1065,1085,7211
2018-03-22,1000,1070,1000,1030,10526
2018-03-23,1035,1035,990,998,9741
2018-03-26,1000,1040,998,1020,1401
2018-03-27,1025,1040,1020,1020,324
2018-03-28,1025,1030,994,1000,350
2018-03-29,1000,1030,1000,1000,585
2018-04-03,1015,1020,1010,1010,460
2018-04-04,1030,1050,1005,1050,413
2018-04-05,1050,1065,1025,1050,810
2018-04-06,1080,1085,1055,1055,375
2018-04-09,1045,1100,1040,1080,769
2018-04-10,1100,1105,1080,1105,326
2018-04-11,1105,1115,1100,1115,1541
2018-04-12,1120,1120,1100,1100,48
2018-04-13,1115,1115,1085,1100,2253
2018-04-16,1100,1100,1060,1070,315
2018-04-17,1080,1080,1065,1080,95
2018-04-18,1115,1115,1070,1080,5
2018-04-19,1085,1085,1065,1075,70
2018-04-20,1070,1070,1070,1070,1386
2018-04-23,1075,1075,1060,1070,556
2018-04-24,1070,1080,1060,1080,2386
2018-04-25,1065,1100,1060,1100,3065
2018-04-26,1105,1115,1075,1075,268
2018-04-27,1080,1080,1060,1070,47
2018-04-30,1075,1090,1060,1065,9090
2018-05-02,1070,1085,1070,1075,4773
2018-05-04,1085,1095,1075,1095,3494
2018-05-07,1090,1095,1075,1095,4376
2018-05-08,1090,1090,1060,1070,297
2018-05-09,1065,1070,1040,1070,393
2018-05-10,1070,1100,1065,1085,714
2018-05-11,1065,1110,1060,1110,526
2018-05-14,1100,1120,1085,1115,77
2018-05-15,1085,1120,1050,1050,620
2018-05-16,1070,1110,1070,1110,3316
2018-05-17,1110,1110,1095,1105,62
2018-05-18,1105,1130,1100,1100,1095
2018-05-21,1100,1130,1095,1120,1442
2018-05-22,1125,1125,1100,1115,2571
2018-05-23,1100,1110,1100,1100,1215
2018-05-24,1100,1110,1100,1100,108
2018-05-25,1110,1120,1100,1100,3447
2018-05-28,1085,1100,1075,1085,26
2018-05-29,1085,1095,1070,1095,880
2018-05-30,1095,1100,1070,1090,4131
2018-06-01,1090,1100,1090,1100,6
2018-06-04,1100,1100,1075,1080,31
2018-06-05,1080,1110,1080,1110,580
2018-06-06,1110,1110,1095,1105,214
2018-06-07,1110,1110,1100,1110,42
2018-06-08,1100,1115,1085,1115,1110
2018-06-11,1120,1130,1100,1120,716
2018-06-12,1125,1150,1125,1145,2359
2018-06-13,1150,1150,1135,1140,1257
2018-06-14,1130,1140,1120,1120,771
2018-06-15,1110,1140,1100,1140,2626
2018-06-18,1140,1140,1100,1115,1142
2018-06-19,1100,1115,1095,1115,2994
2018-06-20,1100,1130,1100,1125,269
2018-06-21,1120,1135,1055,1085,2817
2018-06-22,1085,1115,1085,1110,4364
2018-06-25,1110,1110,1080,1085,476
2018-06-26,1085,1085,1060,1070,4145
2018-06-27,1080,1100,1065,1075,4790
2018-06-28,1065,1100,1020,1020,7699
2018-06-29,1005,1050,950,1050,2720
2018-07-02,1000,1005,980,1000,6476
2018-07-03,988,1000,988,998,723
2018-07-04,1005,1010,990,1010,240
2018-07-05,1025,1035,1015,1035,4637
2018-07-06,1040,1040,1005,1005,369
2018-07-09,1005,1010,998,1005,212
2018-07-10,1010,1015,1000,1015,53
2018-07-11,992,1005,980,990,1319
2018-07-12,996,998,982,996,50
2018-07-13,998,1000,990,1000,109
2018-07-16,998,998,982,982,136
2018-07-17,988,998,988,998,36
2018-07-18,1000,1005,982,982,1276
2018-07-19,986,986,966,966,693
2018-07-20,970,970,930,934,335
2018-07-23,932,940,932,940,1220
2018-07-24,940,942,934,940,301
2018-07-25,950,968,940,950,1013
2018-07-26,958,964,952,964,884
2018-07-27,950,956,940,942,1243
2018-07-30,942,958,930,958,3492
2018-07-31,958,958,900,900,3659
2018-08-01,916,940,916,926,2139
2018-08-02,916,920,916,920,77
2018-08-03,918,940,918,940,131
2018-08-06,948,948,944,946,48
2018-08-07,944,956,928,952,7564
2018-08-08,952,986,952,970,2950
2018-08-09,970,970,960,962,106
2018-08-10,962,962,950,962,206
2018-08-13,956,960,950,960,88
2018-08-14,962,962,960,962,40
2018-08-16,940,950,940,946,26
2018-08-17,962,962,920,956,204
2018-08-20,940,940,940,940,517
2018-08-21,930,940,930,940,2248
2018-08-22,948,950,928,950,1473
2018-08-23,948,980,944,980,777
2018-08-24,980,988,980,988,134
2018-08-27,990,1005,980,990,7448
2018-08-28,998,1000,980,990,7102
2018-08-29,990,1000,980,1000,5789
2018-08-30,1000,1000,982,998,3034
2018-08-31,996,1000,980,990,11936
2018-09-03,984,984,950,950,592
2018-09-04,946,950,920,932,3747
2018-09-05,932,942,930,932,2782
2018-09-06,932,938,930,938,170
2018-09-07,938,940,918,918,379
2018-09-10,936,936,886,900,436
2018-09-11,912,912,902,910,2089
2018-09-12,960,980,930,936,2908
2018-09-13,930,950,930,948,39
2018-09-14,948,948,924,924,83
2018-09-17,940,940,920,920,3
2018-09-18,920,938,902,938,1698
2018-09-19,930,942,930,942,154
2018-09-20,934,952,934,950,443
2018-09-21,960,960,920,920,273
2018-09-24,946,958,946,958,51
2018-09-25,956,974,948,974,970
2018-09-26,934,970,934,960,245
2018-09-27,970,984,970,984,1998
2018-09-28,976,998,976,980,2933
2018-10-01,952,978,950,974,510
2018-10-02,990,992,980,992,745
2018-10-03,982,982,970,970,985
2018-10-04,970,980,956,968,83
2018-10-05,964,964,950,964,265
2018-10-08,966,970,932,966,590
2018-10-09,978,978,960,960,9
2018-10-10,962,972,936,936,104
2018-10-11,932,960,930,940,1630
2018-10-12,940,956,940,950,79
2018-10-15,960,960,940,956,3077
2018-10-16,976,976,950,950,853
2018-10-17,940,950,940,950,223
2018-10-18,950,950,940,950,51
2018-10-19,940,940,926,930,4784
2018-10-22,930,944,912,920,83
2018-10-23,920,920,902,904,185
2018-10-24,904,908,868,868,821
2018-10-25,826,850,826,850,984
2018-10-26,850,850,834,834,2232
2018-10-29,858,858,840,840,417
2018-10-30,838,876,818,876,711
2018-10-31,870,880,860,874,1530
2018-11-02,876,880,856,858,610
2018-11-05,852,866,846,850,1205
2018-11-06,848,852,830,830,2053
2018-11-07,832,832,744,748,10632
2018-11-08,748,748,686,700,11610
2018-11-09,682,740,682,720,2953
2018-11-13,730,760,730,760,1078
2018-11-14,770,796,750,760,1423
2018-11-15,760,786,756,780,1074
2018-11-16,778,778,750,750,78
2018-11-19,742,752,734,744,3520
2018-11-20,714,744,714,730,4694
2018-11-21,724,750,724,750,28
2018-11-22,750,770,748,770,173
2018-11-23,770,780,768,780,86
2018-11-26,812,812,768,780,213
2018-11-27,766,780,748,750,414
2018-11-28,750,750,746,750,386
2018-11-29,768,780,742,780,957
2018-11-30,778,778,730,760,958
2018-12-03,758,766,746,750,787
2018-12-04,756,762,756,760,58
2018-12-05,744,768,744,756,97
2018-12-06,756,768,752,768,987
2018-12-07,774,774,746,750,5330
2018-12-10,768,768,750,750,1478
2018-12-11,744,760,744,760,11514
2018-12-12,768,780,760,780,5298
2018-12-13,788,816,784,812,8017
2018-12-14,816,852,816,834,4565
2018-12-17,848,852,836,850,4319
2018-12-18,850,860,842,860,2722
2018-12-19,868,870,860,868,7327
2018-12-20,870,872,852,870,846
2018-12-21,870,870,830,870,2372
2018-12-27,870,880,864,870,5133
2018-12-28,870,870,844,844,4550
2019-01-02,852,860,810,820,1205
2019-01-03,810,810,784,796,780
2019-01-04,782,796,782,790,809
2019-01-07,786,790,770,770,2331
2019-01-08,768,770,752,752,380
2019-01-09,766,810,756,756,1105
2019-01-10,776,804,774,788,2431
2019-01-11,788,812,788,812,303
2019-01-14,812,818,782,802,777
2019-01-15,802,860,802,830,1282
2019-01-16,824,870,824,852,1461
2019-01-17,856,868,856,868,268
2019-01-18,870,910,870,892,3015
2019-01-21,900,940,900,930,1326
2019-01-22,928,930,920,930,826
2019-01-23,932,998,922,954,7430
2019-01-24,954,980,934,950,1007
2019-01-25,930,960,926,940,41
2019-01-28,940,976,934,968,350
2019-01-29,962,968,958,968,10686
2019-01-30,964,978,964,966,767
2019-01-31,970,982,962,970,6369
2019-02-01,966,968,962,964,2024
2019-02-04,968,968,938,946,1242
2019-02-05,942,948,906,944,3981
2019-02-06,924,944,912,914,895
2019-02-07,914,914,902,906,1200
2019-02-08,906,960,900,960,449
2019-02-11,954,958,930,930,581
2019-02-12,946,946,880,904,10022
2019-02-13,916,916,890,898,1468
2019-02-14,900,916,880,880,207
2019-02-15,880,894,880,890,221
2019-02-18,896,916,890,892,166
2019-02-19,904,906,900,900,75
2019-02-20,906,910,900,910,1488
2019-02-21,900,938,900,926,438
2019-02-22,930,946,928,946,197
2019-02-25,950,958,940,958,409
2019-02-26,960,960,922,924,149
2019-02-27,946,946,914,936,159
2019-02-28,944,944,914,916,168
2019-03-01,916,940,916,920,582
2019-03-04,924,924,906,910,367
2019-03-05,916,926,900,910,646
2019-03-06,920,930,910,930,683
2019-03-07,936,936,912,930,148
2019-03-08,930,946,928,944,1101
2019-03-11,946,960,946,952,2090
2019-03-12,960,970,954,970,1875
2019-03-13,970,980,968,972,2234
2019-03-14,972,972,952,958,144
2019-03-15,968,970,954,956,429
2019-03-18,970,970,960,960,428
2019-03-19,964,970,934,934,530
2019-03-20,956,970,940,940,1323
2019-03-21,956,970,948,952,805
2019-03-22,966,966,940,940,89
2019-03-25,942,956,936,954,42
2019-03-26,954,960,940,942,16
2019-03-27,942,956,936,956,129
2019-03-28,956,956,912,956,654
2019-03-29,952,952,928,948,485
2019-04-01,958,958,948,950,570
2019-04-02,950,952,926,950,567
2019-04-03,952,978,950,978,556
2019-04-04,998,1085,966,980,5102
2019-04-05,960,974,932,952,292
2019-04-08,952,952,918,926,471
2019-04-09,926,950,918,950,526
2019-04-10,950,960,940,954,143
2019-04-11,940,954,930,938,72
2019-04-12,948,948,922,924,344
2019-04-15,928,946,886,940,1488
2019-04-16,946,950,928,940,366
2019-04-17,950,950,934,946,33
2019-04-18,930,940,916,934,226
2019-04-23,934,934,910,920,41
2019-04-24,914,926,914,920,34
2019-04-25,920,920,906,918,3489
2019-04-26,918,918,900,912,131
2019-04-29,920,920,908,908,46
2019-04-30,760,760,684,692,29114
2019-05-02,704,718,694,710,4349
2019-05-06,730,730,686,688,12106
2019-05-07,670,678,620,628,16389
2019-05-08,658,658,570,590,3414
2019-05-09,594,606,548,554,8016
2019-05-10,568,590,554,570,2482
2019-05-13,580,588,536,542,7094
2019-05-14,552,558,510,520,10058
2019-05-15,522,574,484,508,20883
2019-05-16,520,548,500,516,9773
2019-05-17,530,556,524,544,27188
2019-05-20,560,560,528,532,2785
2019-05-21,536,544,530,536,4439
2019-05-22,542,580,542,580,4530
2019-05-23,580,628,580,582,4132
2019-05-24,584,600,584,586,1031
2019-05-27,590,594,550,556,6053
2019-05-28,550,554,534,536,3112
2019-05-29,538,540,522,530,2322
2019-05-30,534,552,524,524,2111
2019-05-31,524,556,524,556,3935
2019-06-03,550,556,546,556,446
2019-06-04,556,586,552,570,1080
2019-06-05,576,590,570,570,428
2019-06-06,578,590,560,574,982
2019-06-07,574,594,562,582,2770
2019-06-10,590,594,572,578,386
2019-06-11,582,582,572,574,233
2019-06-12,572,572,550,560,2007
2019-06-13,554,578,552,578,434
2019-06-14,584,594,574,588,2186
2019-06-17,590,598,578,580,2531
2019-06-18,582,596,578,578,5643
2019-06-19,580,594,580,584,491
2019-06-21,590,590,552,570,910
2019-06-24,570,590,568,576,1091
2019-06-25,570,588,570,584,1118
2019-06-26,584,618,584,618,2413
2019-06-27,620,644,620,640,8913
2019-06-28,640,640,630,634,414
2019-07-01,634,650,634,650,354
2019-07-02,650,656,624,628,3556
2019-07-03,640,640,620,624,1086
2019-07-04,630,630,612,616,1660
2019-07-05,616,620,608,620,515
2019-07-08,630,630,618,620,1095
2019-07-09,618,618,604,604,2342
2019-07-10,600,600,594,600,3544
2019-07-11,600,642,600,632,1461
2019-07-12,636,656,622,650,1573
2019-07-15,650,650,638,638,847
2019-07-16,644,644,630,640,103
2019-07-17,636,652,630,648,1329
2019-07-18,650,656,646,656,791
2019-07-19,650,652,636,648,324
2019-07-22,638,648,636,638,433
2019-07-23,648,662,644,658,4395
2019-07-24,662,666,658,664,1326
2019-07-25,666,666,658,658,1030
2019-07-26,660,664,646,664,960
2019-07-29,664,664,652,660,3212
2019-07-30,660,664,656,656,3940
2019-07-31,656,664,656,662,19670
2019-08-01,662,664,644,650,1674
2019-08-02,644,656,630,630,2058
2019-08-05,628,660,620,636,1019
2019-08-06,634,634,604,620,7623
2019-08-07,626,630,600,610,3184
2019-08-08,602,628,602,610,171
2019-08-09,618,618,600,600,519
2019-08-12,600,606,570,584,3821
2019-08-13,600,644,586,644,479
2019-08-14,640,640,598,598,552
2019-08-16,610,618,598,600,95
2019-08-19,618,618,588,590,424
2019-08-20,596,602,592,600,63
2019-08-21,602,602,594,600,177
2019-08-22,598,600,588,588,65
2019-08-23,606,622,600,622,1645
2019-08-26,622,626,614,626,61
2019-08-27,626,626,612,614,160
2019-08-28,614,630,600,630,248
2019-08-29,624,646,624,646,1024
2019-08-30,630,660,630,660,1615
2019-09-02,632,700,632,680,4771
2019-09-03,680,680,670,670,177
2019-09-04,670,690,670,686,349
2019-09-05,670,690,664,690,443
2019-09-06,690,700,672,700,2442
2019-09-09,706,734,706,734,3511
2019-09-10,744,780,718,740,19847
2019-09-11,752,752,688,694,1224
2019-09-12,730,758,694,696,2299
2019-09-13,700,704,694,694,303
2019-09-16,700,708,676,708,391
2019-09-17,712,730,676,730,562
2019-09-18,728,736,714,730,301
2019-09-19,712,726,696,714,4372
2019-09-20,720,736,714,732,3880
2019-09-23,710,750,710,750,365
2019-09-24,750,750,722,734,114
2019-09-25,732,740,718,740,6749
2019-09-26,742,742,720,730,1348
2019-09-27,740,740,710,710,4318
2019-09-30,726,726,690,700,5672
2019-10-01,712,728,692,700,789
2019-10-02,708,708,696,698,403
2019-10-03,698,710,692,700,546
2019-10-04,700,700,690,690,335
2019-10-07,688,698,680,694,88
2019-10-08,690,690,682,682,17
2019-10-09,698,698,676,676,147
2019-10-10,676,676,654,672,184
2019-10-11,672,698,664,696,249
2019-10-14,698,698,668,688,750
2019-10-15,690,698,680,698,2508
2019-10-16,698,698,680,698,76
2019-10-17,688,708,688,698,750
2019-10-18,700,700,682,682,62
2019-10-21,694,694,688,692,21
2019-10-22,694,694,670,692,118
2019-10-23,688,692,674,674,222
2019-10-24,694,694,680,690,102
2019-10-25,694,694,680,680,26
2019-10-28,680,692,680,690,96
2019-10-29,694,700,690,690,41
2019-10-30,698,698,682,694,57
2019-10-31,684,700,682,700,340
2019-11-04,700,704,696,700,139
2019-11-05,700,702,690,700,115
2019-11-06,702,702,688,700,68
2019-11-07,700,700,690,696,108
2019-11-08,700,710,700,708,1348
2019-11-12,756,792,756,792,7287
2019-11-13,792,812,776,800,2736
2019-11-14,800,820,794,810,1046
2019-11-15,800,814,800,810,2518
2019-11-18,810,810,800,810,490
2019-11-19,816,816,774,800,1216
2019-11-20,804,804,780,780,398
2019-11-21,780,798,780,780,562
2019-11-22,782,802,782,800,331
2019-11-25,800,814,800,810,2120
2019-11-26,808,828,802,820,2733
2019-11-27,820,832,820,832,641
2019-11-28,832,848,830,846,201
2019-11-29,834,848,828,834,559
2019-12-02,834,844,834,844,249
2019-12-03,844,852,838,850,2245
2019-12-04,870,880,856,870,3421
2019-12-05,876,880,860,870,1206
2019-12-06,852,860,850,860,454
2019-12-09,860,876,842,856,207
2019-12-10,856,882,850,876,192
2019-12-11,880,880,868,880,5796
2019-12-12,858,880,856,864,1099
2019-12-13,880,880,866,872,44
2019-12-16,878,880,864,880,5097
2019-12-17,878,878,854,860,729
2019-12-18,876,880,862,876,269
2019-12-19,876,882,870,880,1494
2019-12-20,884,884,870,884,818
2019-12-23,880,890,878,880,869
2019-12-27,878,886,878,880,573
2019-12-30,880,888,880,882,3423
2020-01-02,888,890,884,888,137
2020-01-03,896,950,896,950,2251
2020-01-07,950,960,900,950,34702
2020-01-08,950,960,948,950,2299
2020-01-09,948,948,920,930,3328
2020-01-10,938,954,930,954,3945
2020-01-13,956,956,940,956,229
2020-01-14,950,950,940,950,108
2020-01-15,944,948,930,930,777
2020-01-16,930,956,930,956,481
2020-01-17,950,956,942,956,323
2020-01-20,950,950,942,950,483
2020-01-21,944,970,944,954,1031
2020-01-22,952,960,950,956,1409
2020-01-23,960,960,950,950,1011
2020-01-24,950,964,950,950,691
2020-01-27,944,950,930,950,715
2020-01-28,934,948,934,938,52
2020-01-29,940,960,940,958,616
2020-01-30,950,958,950,950,758
2020-01-31,948,988,948,976,18347
2020-02-03,968,972,956,960,939
2020-02-04,970,988,964,970,1900
2020-02-05,986,988,958,980,11917
2020-02-06,990,990,964,964,345
2020-02-07,960,968,958,960,173
2020-02-10,974,980,960,978,830
2020-02-11,976,978,958,960,1209
2020-02-12,960,992,960,980,2359
2020-02-13,980,1000,980,998,495
2020-02-14,998,1030,996,1015,865
2020-02-17,1015,1020,1000,1010,228
2020-02-18,1020,1020,1000,1020,390
2020-02-19,1020,1060,1015,1060,1052
2020-02-20,1060,1090,1060,1070,3869
2020-02-21,1070,1070,1060,1070,183
2020-02-24,1040,1050,980,1035,3663
2020-02-25,1035,1040,978,1035,1008
2020-02-26,1025,1030,988,1025,1185
2020-02-27,1020,1020,924,960,1184
2020-02-28,870,988,866,960,4756
2020-03-02,960,998,960,996,4567
2020-03-03,996,998,982,998,1615
2020-03-04,996,998,980,990,1543
2020-03-05,990,1005,984,1000,653
2020-03-06,984,988,950,986,1343
2020-03-09,898,922,870,892,9326
2020-03-10,896,930,842,930,2441
2020-03-11,900,946,834,910,3526
2020-03-12,840,850,722,770,3807
2020-03-13,770,774,694,710,6483
2020-03-16,680,750,580,750,1848
2020-03-17,710,748,680,700,4600
2020-03-18,750,750,680,700,2740
2020-03-19,704,774,678,720,6315
2020-03-20,758,778,688,720,1654
2020-03-23,688,722,686,722,3393
2020-03-24,750,752,708,716,3276
2020-03-25,750,750,700,706,535
2020-03-26,710,740,708,728,6589
2020-03-27,716,742,700,742,359
2020-03-30,750,750,712,750,2420
2020-03-31,718,740,690,710,3359
2020-04-01,667,700,667,678,885
2020-04-02,630,645,576,625,11340
2020-04-03,617,645,600,645,6493
2020-04-06,645,706,638,706,2385
2020-04-07,720,788,720,740,2401
2020-04-08,740,756,719,739,4320
2020-04-09,704,755,704,748,409
2020-04-14,749,886,748,876,2355
2020-04-15,870,876,788,829,2504
2020-04-16,871,871,827,871,2301
2020-04-17,870,870,810,828,773
2020-04-20,815,818,780,810,564
2020-04-21,810,811,750,756,1106
2020-04-22,763,809,750,808,605
2020-04-23,804,815,795,803,1619
2020-04-24,800,812,793,812,126
2020-04-27,800,844,754,790,2921
2020-04-28,800,819,771,804,1720
2020-04-29,800,817,782,800,5246
2020-04-30,817,817,790,800,1276
2020-05-04,800,800,784,798,381
2020-05-05,798,799,789,799,395
2020-05-06,790,796,763,775,602
2020-05-07,784,784,746,754,485
2020-05-08,800,800,730,750,534
2020-05-11,787,787,741,750,2925
2020-05-12,750,774,745,745,345
2020-05-13,775,775,716,716,621
2020-05-14,735,748,700,710,1904
2020-05-15,730,730,696,700,1001
2020-05-18,738,754,697,700,1937
2020-05-19,709,725,709,715,2619
2020-05-20,720,750,720,730,2817
2020-05-21,755,787,747,755,1549
2020-05-22,780,790,755,790,303
2020-05-25,806,810,738,748,2588
2020-05-26,768,780,756,760,1682
2020-05-27,800,838,740,740,5137
2020-05-28,768,769,745,764,1026
2020-05-29,755,780,743,780,2998
2020-06-01,790,800,770,772,534
2020-06-02,785,785,760,760,2658
2020-06-03,770,778,758,778,5862
2020-06-04,778,790,764,765,2297
2020-06-05,768,790,767,780,3502
2020-06-08,792,792,770,784,749
2020-06-09,780,786,770,777,451
2020-06-10,773,830,760,815,2659
2020-06-12,790,810,780,802,729
2020-06-15,801,801,781,795,369
2020-06-16,799,811,790,795,613
2020-06-17,795,800,760,780,2296
2020-06-18,790,790,730,756,2246
2020-06-19,761,761,718,726,3243
2020-06-22,734,749,726,729,523
2020-06-23,729,762,725,749,1862
2020-06-24,759,759,731,731,402
2020-06-25,765,810,765,810,2998
2020-06-26,810,810,780,784,1466
2020-06-29,810,810,785,807,1467
2020-06-30,807,831,790,831,7164
2020-07-01,830,831,810,830,362
2020-07-02,824,833,805,829,1296
2020-07-03,832,840,817,840,341
2020-07-06,839,849,831,841,473
2020-07-07,840,840,826,831,455
2020-07-08,831,840,831,836,1369
2020-07-09,824,840,824,840,2690
2020-07-10,844,844,831,840,368
2020-07-13,840,840,832,832,185
2020-07-14,832,832,820,820,387
2020-07-15,820,822,814,814,1573
2020-07-16,818,829,817,829,5135
2020-07-17,811,829,811,829,359
2020-07-20,829,830,818,830,49
2020-07-21,825,859,825,855,1518
2020-07-22,856,880,855,873,898
2020-07-23,869,870,834,852,913
2020-07-24,811,856,811,852,361
2020-07-27,864,870,835,848,488
2020-07-28,848,889,840,889,341
2020-07-29,880,880,852,870,199
2020-07-30,850,864,850,851,746
2020-07-31,851,875,851,862,1552
2020-08-03,875,875,853,860,906
2020-08-04,853,867,822,858,419
2020-08-05,825,870,825,865,1283
2020-08-06,835,860,833,840,284
2020-08-07,839,839,790,805,2393
2020-08-10,800,805,792,796,79
2020-08-11,795,808,790,800,193
2020-08-12,795,799,791,791,65
2020-08-13,808,808,770,772,145
2020-08-14,775,800,770,785,183
2020-08-17,800,801,780,782,176
2020-08-18,785,800,785,790,65
2020-08-19,790,800,763,775,228
2020-08-20,772,818,763,818,2277
2020-08-21,810,863,802,863,644
2020-08-24,820,863,811,863,2571
2020-08-25,831,865,820,839,619
2020-08-26,842,850,828,850,172
2020-08-27,850,860,827,860,232
2020-08-28,850,851,837,850,35
2020-08-31,860,865,835,837,86
2020-09-01,850,854,835,840,192
2020-09-02,840,860,826,860,415
2020-09-03,860,860,828,830,1089
2020-09-04,823,855,810,850,320
2020-09-07,830,850,815,850,320
2020-09-08,850,850,820,830,47
2020-09-09,830,830,799,818,221
2020-09-10,793,820,762,820,2434
2020-09-11,819,819,792,799,844
2020-09-14,813,813,799,799,1247
2020-09-15,812,818,791,800,86
2020-09-16,800,800,790,790,325
2020-09-17,790,800,771,796,468
2020-09-18,795,816,781,816,469
2020-09-21,829,835,792,807,184
2020-09-22,807,807,740,791,485
2020-09-23,785,800,785,790,136
2020-09-24,779,786,763,769,188
2020-09-25,769,770,739,755,884
2020-09-28,750,767,717,727,971
2020-09-29,745,759,730,741,177
2020-09-30,734,736,725,730,61
2020-10-01,750,750,724,724,87
2020-10-02,725,730,700,720,3337
2020-10-05,720,748,714,715,135
2020-10-06,730,767,698,700,1484
2020-10-07,700,711,689,711,3257
2020-10-08,711,711,688,689,3539
2020-10-09,700,708,680,680,130303
2020-10-12,676,695,667,689,365
2020-10-13,677,700,667,686,2850
2020-10-14,686,689,667,668,5949
2020-10-15,669,673,619,665,864
2020-10-16,630,635,611,630,5700
2020-10-19,630,635,623,633,646
2020-10-20,645,687,602,620,3275
2020-10-21,620,634,603,610,457
2020-10-22,608,612,590,605,1639
2020-10-23,600,612,578,601,3144
2020-10-26,615,621,583,607,1688
2020-10-27,599,618,590,615,4050
2020-10-28,593,594,569,579,762
2020-10-29,560,567,516,548,1498
2020-10-30,548,557,524,557,6811
2020-11-02,559,565,534,536,693
2020-11-03,535,580,535,580,1233
2020-11-04,577,578,555,573,305
2020-11-05,576,620,576,620,14812
2020-11-06,640,649,600,644,523
2020-11-09,640,751,622,730,4764
2020-11-10,730,730,670,700,7044
2020-11-12,693,700,681,687,499
2020-11-13,700,700,633,648,1829
2020-11-16,645,693,640,690,11252
2020-11-17,686,700,662,689,1687
2020-11-18,690,700,682,700,749
2020-11-19,701,701,681,690,1420
2020-11-20,690,690,681,681,263
2020-11-23,672,672,646,669,448
2020-11-24,669,684,664,684,592
2020-11-25,684,684,660,670,186
2020-11-26,670,676,664,676,9476
2020-11-27,679,694,677,690,1667
2020-11-30,693,750,691,750,1445
2020-12-01,745,754,712,720,14120
2020-12-02,733,744,730,735,224
2020-12-03,720,753,720,753,283
2020-12-04,750,770,743,769,638
2020-12-07,769,790,764,790,446
2020-12-08,790,815,790,810,479
2020-12-09,810,815,790,802,932
2020-12-10,803,803,768,770,597
2020-12-11,760,775,750,754,355
2020-12-14,750,752,735,750,370
2020-12-15,745,777,745,777,1513
2020-12-16,799,800,780,790,1403
2020-12-17,800,805,780,791,3238
2020-12-18,791,799,748,748,634
2020-12-21,748,808,735,808,1958
2020-12-22,796,796,770,780,589
2020-12-23,771,815,770,811,1533
2020-12-28,811,835,805,834,441
2020-12-29,834,844,824,840,6813
2020-12-30,840,840,823,834,7285
2021-01-04,824,866,824,866,903
2021-01-05,836,843,824,840,2802
2021-01-07,831,850,820,835,4394
2021-01-08,838,857,824,857,17193
2021-01-11,824,861,824,860,464
2021-01-12,860,860,835,841,1946
2021-01-13,835,837,827,835,865
2021-01-14,827,838,811,838,26830
2021-01-15,827,843,826,830,2005
2021-01-18,830,835,825,835,943
2021-01-19,835,857,831,850,297
2021-01-20,850,850,833,850,391
2021-01-21,852,852,827,831,9091
2021-01-22,828,844,822,844,61
2021-01-25,843,844,825,844,178
2021-01-26,845,845,836,845,96
2021-01-27,847,850,830,845,201
2021-01-28,835,845,825,840,3134
2021-01-29,827,844,825,835,128
2021-02-01,838,838,829,835,97
2021-02-02,838,838,822,829,3117
2021-02-03,836,838,829,838,1079
2021-02-04,838,845,835,840,348
2021-02-05,835,840,831,840,331
2021-02-08,840,856,835,845,4003
2021-02-09,840,845,834,843,159
2021-02-10,854,854,837,848,342
2021-02-11,848,860,844,852,932
2021-02-12,856,860,845,860,84
2021-02-15,860,862,835,862,1664
2021-02-16,850,858,845,849,1092
2021-02-17,843,858,841,855,337
2021-02-18,856,856,846,854,191
2021-02-19,858,858,845,850,534
2021-02-22,844,850,836,850,176
2021-02-23,836,840,833,839,103
2021-02-24,841,841,823,828,307
2021-02-25,828,863,801,860,1860
2021-02-26,820,880,819,880,1219
2021-03-01,830,875,830,861,539
2021-03-02,841,858,841,857,204
2021-03-03,856,856,833,850,665
2021-03-04,829,835,790,815,1069
2021-03-05,804,814,804,805,240
2021-03-08,804,810,802,810,227
2021-03-09,810,810,805,810,222
2021-03-10,810,810,801,809,30
2021-03-11,800,824,798,824,261
2021-03-12,824,825,810,815,493
2021-03-15,815,820,810,820,1153
2021-03-16,826,830,815,830,193
2021-03-17,831,831,805,805,508
2021-03-18,798,804,755,804,921
2021-03-19,798,815,779,810,417
2021-03-22,805,805,773,773,355
2021-03-23,773,773,737,745,1002
2021-03-24,734,734,690,710,1477
2021-03-25,710,711,679,700,1345
2021-03-26,717,734,705,734,15585
2021-03-29,734,750,734,750,380
2021-03-30,744,778,744,772,1611
2021-03-31,773,790,760,790,1384
2021-04-01,779,789,761,765,2036
2021-04-06,766,780,766,778,5438
2021-04-07,777,777,753,770,448
2021-04-08,759,770,759,770,260
2021-04-09,771,780,751,752,852
2021-04-12,750,770,750,769,1957
2021-04-13,769,769,758,760,851
2021-04-14,760,760,751,760,818
2021-04-15,760,790,751,780,2777
2021-04-16,780,790,762,767,382
2021-04-19,777,790,767,789,418
2021-04-20,790,790,780,790,712
2021-04-21,790,790,781,790,652
2021-04-22,790,790,780,790,275
2021-04-23,790,790,780,790,553
2021-04-26,799,800,776,781,386
2021-04-27,789,798,782,790,226
2021-04-28,782,830,782,830,13424
2021-04-29,831,864,831,864,1091
2021-04-30,864,888,823,888,850
2021-05-04,888,890,848,885,484
2021-05-05,885,899,851,899,642
2021-05-06,899,906,871,887,653
2021-05-07,887,887,872,876,357
2021-05-10,885,900,851,890,2644
2021-05-11,878,900,876,900,698
2021-05-12,882,887,874,887,258
2021-05-13,875,893,874,893,264
2021-05-14,880,899,875,899,106
2021-05-17,900,905,894,904,742
2021-05-18,910,940,910,932,658
2021-05-19,928,945,921,939,1554
2021-05-20,938,950,924,938,303
2021-05-21,938,949,931,939,298
2021-05-24,934,950,934,950,2237
2021-05-25,950,950,932,934,227
2021-05-26,924,940,924,938,906
2021-05-27,946,960,925,960,1055
2021-05-28,950,990,950,990,735
2021-05-31,987,987,969,975,894
2021-06-01,971,989,952,954,245
2021-06-02,952,952,922,924,378
2021-06-04,924,949,906,911,1875
2021-06-07,908,949,908,949,1071
2021-06-08,950,951,891,920,1767
2021-06-09,938,938,899,918,1014
2021-06-10,901,923,901,907,260
2021-06-11,906,907,895,900,59
2021-06-14,898,918,892,917,187
2021-06-15,918,918,902,914,83
2021-06-16,914,918,902,918,79
2021-06-17,900,915,900,915,162
2021-06-18,900,937,877,937,1006
2021-06-21,937,938,917,930,194
2021-06-22,930,930,901,912,533
2021-06-23,920,920,904,914,355
2021-06-24,919,919,903,913,1353
2021-06-25,903,915,901,910,544
2021-06-28,901,908,899,899,176
2021-06-29,898,900,885,885,457
2021-06-30,890,900,861,900,570
2021-07-01,898,900,887,887,146
2021-07-02,876,904,875,900,127
2021-07-05,880,906,874,880,88
2021-07-06,882,882,870,879,70
2021-07-07,850,850,821,845,398
2021-07-08,840,844,814,818,706
2021-07-09,820,820,811,815,552
2021-07-12,812,815,805,815,352
2021-07-13,815,835,810,820,930
2021-07-14,815,820,812,812,581
2021-07-15,814,830,814,825,1385
2021-07-16,823,823,816,816,95
2021-07-19,816,816,794,809,4527
2021-07-20,809,809,773,790,655
2021-07-21,800,800,788,794,33
2021-07-22,800,810,782,782,2802
2021-07-23,810,810,785,788,73
2021-07-26,785,798,785,797,987
2021-07-27,805,809,787,790,1333
2021-07-28,790,805,790,798,527
2021-07-29,798,802,793,802,165
2021-07-30,790,800,785,785,420
2021-08-02,784,809,784,800,256
2021-08-03,808,809,791,795,215
2021-08-04,810,810,779,779,1296
2021-08-05,790,790,775,776,412
2021-08-06,789,789,771,777,111
2021-08-09,790,790,772,780,134
2021-08-10,780,780,762,769,172
2021-08-11,772,779,755,762,229
2021-08-12,770,770,749,749,386
2021-08-13,750,750,744,746,82
2021-08-16,756,769,747,750,1072
2021-08-17,760,760,735,735,1134
2021-08-18,757,757,728,738,3262
2021-08-19,750,750,721,740,15796
2021-08-20,744,747,734,734,124
2021-08-23,739,740,725,725,463
2021-08-24,740,740,729,740,256
2021-08-25,735,740,734,734,23
2021-08-26,740,740,735,735,86
2021-08-27,740,740,711,725,17465
2021-08-30,734,740,720,740,397
2021-08-31,740,740,714,739,451
2021-09-01,739,739,726,726,1276
2021-09-02,738,740,732,736,178
2021-09-03,740,740,726,739,1310
2021-09-06,739,740,733,739,2981
2021-09-07,740,740,730,734,2584
2021-09-08,738,740,727,739,450
2021-09-09,730,739,728,739,1099
2021-09-10,732,740,730,736,503
2021-09-13,739,739,733,735,96
2021-09-14,735,738,723,723,195
2021-09-15,737,737,720,725,2230
2021-09-16,723,737,713,713,588
2021-09-17,713,740,710,710,645
2021-09-20,719,727,693,700,1819
2021-09-21,702,715,702,702,343
2021-09-22,715,715,699,708,437
2021-09-23,710,715,700,705,651
2021-09-24,705,706,691,700,182
2021-09-27,700,718,695,700,355
2021-09-28,709,709,694,700,12931
2021-09-29,700,700,691,696,15653
2021-09-30,696,700,696,700,1146
2021-10-01,690,696,675,683,1669
2021-10-04,679,713,666,713,1306
2021-10-05,729,729,715,729,1426
2021-10-06,730,740,725,732,22946
2021-10-07,732,783,732,768,2124
2021-10-08,768,770,761,770,160
2021-10-11,770,770,760,770,234
2021-10-12,770,772,758,772,633
2021-10-13,770,779,766,778,2329
2021-10-14,770,778,770,770,4031
2021-10-15,775,775,767,770,346
2021-10-18,760,773,760,770,171
2021-10-19,760,770,760,770,88
2021-10-20,770,770,755,768,1835
2021-10-21,768,768,766,768,697
2021-10-22,770,780,757,778,224
2021-10-25,778,778,770,778,2685
2021-10-26,777,789,770,789,2424
2021-10-27,784,805,781,805,2320
2021-10-28,805,830,800,827,647
2021-10-29,847,847,827,827,474
2021-11-02,827,851,820,848,6109
2021-11-03,857,860,846,860,6071
2021-11-04,860,860,846,850,5371
2021-11-05,845,850,842,849,6640
2021-11-08,847,848,832,840,120
2021-11-09,832,836,824,828,206
2021-11-10,808,808,736,736,1822
2021-11-12,730,734,726,727,740
2021-11-15,727,756,722,750,382
2021-11-16,736,750,735,744,1249
2021-11-17,743,750,735,743,36
2021-11-18,730,750,728,728,248
2021-11-19,742,747,718,724,392
2021-11-22,721,721,701,719,295
2021-11-23,718,719,703,705,644
2021-11-24,702,705,699,699,243
2021-11-25,702,703,695,695,192
2021-11-26,695,698,645,647,1342
2021-11-29,655,686,646,646,1041
2021-11-30,646,648,603,630,1227
2021-12-01,649,650,626,648,318
2021-12-02,648,650,615,645,1342
2021-12-03,670,670,646,655,10860
2021-12-06,655,655,631,645,600
2021-12-07,649,662,639,639,362
2021-12-08,648,662,648,658,139
2021-12-09,666,674,640,641,432
2021-12-10,638,641,625,638,633
2021-12-13,622,629,618,628,1554
2021-12-14,642,642,615,620,1120
2021-12-15,615,624,601,609,785
2021-12-16,618,632,610,615,992
2021-12-17,623,631,606,606,945
2021-12-20,610,610,600,608,864
2021-12-21,601,608,588,595,1344
2021-12-22,600,609,592,608,1120
2021-12-23,610,630,602,630,2749
2021-12-27,630,647,625,647,1720
2021-12-28,647,647,631,636,500
2021-12-29,636,655,635,655,569
2021-12-30,648,650,636,636,426
2022-01-03,644,659,633,640,918
2022-01-04,641,648,634,644,513
2022-01-05,647,649,636,644,285
2022-01-07,644,645,638,645,119
2022-01-10,645,655,641,641,212
2022-01-11,645,662,638,652,2228
2022-01-12,666,666,638,647,626
2022-01-13,646,649,625,629,20097
2022-01-14,637,638,626,629,69
2022-01-17,626,642,626,628,546
2022-01-18,630,632,615,624,735
2022-01-19,620,620,614,620,218
2022-01-20,625,629,581,591,797
2022-01-21,592,642,592,611,767
2022-01-24,610,621,592,605,638
2022-01-25,610,619,610,610,1019
2022-01-26,610,621,610,615,3051
2022-01-27,615,615,604,606,156
2022-01-28,608,617,597,607,388
2022-01-31,616,616,605,609,564
2022-02-01,622,640,622,639,227
2022-02-02,648,648,638,638,233
2022-02-03,636,646,635,638,1775
2022-02-04,644,644,630,640,106
2022-02-07,646,646,631,642,100
2022-02-08,642,658,634,655,5183
2022-02-09,658,685,658,675,6995
2022-02-10,676,679,673,675,2353
2022-02-11,675,676,665,669,873
2022-02-14,660,711,636,682,1022
2022-02-15,718,719,683,699,1782
2022-02-16,686,688,640,642,2919
2022-02-17,651,666,637,648,3026
2022-02-18,647,652,636,638,178
2022-02-21,649,671,622,635,454
2022-02-22,620,643,581,640,1459
2022-02-23,658,658,618,619,194
2022-02-24,590,590,531,557,2325
2022-02-25,561,603,561,569,968
2022-02-28,559,575,537,573,1169
2022-03-01,580,615,557,557,949
2022-03-02,571,572,548,550,364
2022-03-03,550,604,543,604,889
2022-03-04,600,605,550,550,806
2022-03-07,557,576,528,528,3664
2022-03-08,527,530,510,514,5098
2022-03-09,515,548,515,548,915
2022-03-10,548,548,538,543,1170
2022-03-11,543,548,540,544,1594
2022-03-14,544,545,539,542,1507
2022-03-15,538,540,528,540,5490
2022-03-16,537,559,537,557,385
2022-03-17,574,588,572,586,213
2022-03-18,585,590,575,590,1160
2022-03-21,599,599,581,584,303
2022-03-22,587,597,570,570,121
2022-03-23,559,590,550,570,282
2022-03-24,584,587,567,579,31
2022-03-25,586,590,583,590,631
2022-03-28,596,605,580,580,316
2022-03-29,585,603,573,573,585
2022-03-30,581,596,574,584,453
2022-03-31,598,613,586,605,654
2022-04-01,615,631,608,627,746
2022-04-04,630,690,630,647,1060
2022-04-05,650,665,641,647,313
2022-04-06,647,650,627,627,635
2022-04-07,640,646,620,620,903
2022-04-08,620,647,618,636,2524
2022-04-11,644,647,635,642,69
2022-04-12,644,650,630,642,68
2022-04-13,648,650,640,640,176
2022-04-14,640,650,638,638,19
2022-04-19,650,650,618,630,1621
2022-04-20,630,630,612,612,166
2022-04-21,590,612,580,610,482
2022-04-22,608,608,590,590,133
2022-04-25,592,604,574,574,350
2022-04-26,580,588,548,548,455
2022-04-27,548,570,530,570,456
2022-04-28,580,592,566,592,247
2022-04-29,586,598,574,592,361
2022-05-02,608,608,588,602,319
2022-05-04,608,608,590,590,383
2022-05-05,598,598,566,588,189
2022-05-06,572,586,552,552,144
2022-05-09,546,590,546,588,164
2022-05-10,588,598,556,598,206
2022-05-11,586,598,586,598,505
2022-05-12,580,584,562,562,135
2022-05-13,580,598,564,564,420
2022-05-16,572,576,566,566,95
2022-05-17,576,576,564,566,142
2022-05-18,570,576,570,572,70
2022-05-19,576,576,566,568,189
2022-05-20,562,562,558,558,178
2022-05-23,560,566,558,560,141
2022-05-24,574,574,556,562,214
2022-05-25,572,574,550,560,166
2022-05-26,564,580,556,572,1032
2022-05-27,558,574,558,574,246
2022-05-30,566,590,544,590,1380
2022-05-31,580,606,574,606,1088
2022-06-01,606,606,590,594,162
2022-06-02,590,644,590,600,475
2022-06-03,600,634,600,602,230
2022-06-06,602,612,602,610,177
2022-06-07,612,620,602,602,110
2022-06-08,608,608,602,602,54
2022-06-09,606,606,596,596,18217
2022-06-10,600,600,596,600,63
2022-06-13,580,586,558,570,258
2022-06-14,570,570,514,514,423
2022-06-15,522,536,522,522,182
2022-06-17,520,536,500,500,1235
2022-06-20,518,518,495,496,145
2022-06-21,500,512,500,512,156
2022-06-22,506,512,488,494,787
2022-06-23,495,496,462,465,429
2022-06-24,474,475,463,463,1034
2022-06-27,469,485,464,470,87
2022-06-28,475,508,475,480,2021
2022-06-29,479,492,479,490,367
2022-06-30,492,504,485,500,594
2022-07-01,506,550,506,544,425
2022-07-04,544,560,534,534,675
2022-07-05,548,558,526,526,362
2022-07-06,526,532,506,506,900
2022-07-07,508,510,498,500,598
2022-07-08,502,510,490,510,483
2022-07-11,550,550,512,522,158
2022-07-12,520,520,516,520,23
2022-07-13,518,518,504,506,24
2022-07-14,510,510,490,490,145
2022-07-15,506,506,491,491,88
2022-07-18,506,510,504,508,1315
2022-07-19,510,560,510,542,3690
2022-07-20,560,578,550,560,2220
2022-07-21,560,570,548,570,191
2022-07-22,576,616,570,608,1723
2022-07-25,608,614,584,584,57
2022-07-26,590,590,570,570,126
2022-07-27,568,568,558,560,1348
2022-07-28,564,564,556,558,68
2022-07-29,562,588,558,588,4770
2022-08-01,580,580,568,568,168
2022-08-02,568,578,568,578,1318
2022-08-03,580,604,574,604,1667
2022-08-04,604,604,584,596,80
2022-08-05,596,600,592,600,1230
2022-08-08,600,610,594,602,2249
2022-08-09,602,610,596,608,184
2022-08-10,610,610,598,606,1380
2022-08-11,608,608,580,604,10996
2022-08-12,610,610,598,604,100
2022-08-16,610,610,596,604,134
2022-08-17,654,682,654,662,7700
2022-08-18,660,688,654,678,3004
2022-08-19,678,698,672,696,13113
2022-08-22,696,696,662,680,332
2022-08-23,660,676,658,670,463
2022-08-24,662,670,656,662,2854
2022-08-25,660,666,650,654,444
2022-08-26,652,658,620,646,2734
2022-08-29,646,646,620,634,269
2022-08-30,626,652,626,632,16110
2022-08-31,642,660,628,660,510
2022-09-01,660,660,630,640,9323
2022-09-02,644,658,636,652,1325
2022-09-05,660,664,622,662,491
2022-09-06,658,658,620,620,288
2022-09-07,628,644,622,626,21010
2022-09-08,630,650,630,650,452
2022-09-09,640,674,640,672,3898
2022-09-12,674,682,648,682,406
2022-09-13,690,690,658,660,479
2022-09-14,666,666,640,644,8150
2022-09-15,642,644,632,634,106
2022-09-16,638,638,606,606,4621
2022-09-19,604,620,604,604,359
2022-09-20,608,614,606,606,532
2022-09-21,614,614,602,602,4878
2022-09-22,596,608,584,600,1800
2022-09-23,600,608,594,598,474
2022-09-26,600,600,572,590,425
2022-09-27,590,600,588,590,345
2022-09-28,600,604,566,600,1922
2022-09-29,600,600,580,584,119
2022-09-30,584,590,570,570,607
2022-10-03,552,568,550,568,7997
2022-10-04,568,618,568,608,11292
2022-10-05,600,608,576,608,420
2022-10-06,608,612,590,600,244
2022-10-07,606,606,582,586,190
2022-10-10,600,600,570,576,180
2022-10-11,578,608,560,600,3521
2022-10-12,608,608,594,598,786
2022-10-13,600,600,590,590,147
2022-10-14,598,612,592,602,4581
2022-10-17,622,622,600,600,255
2022-10-18,602,602,596,596,5337
2022-10-19,598,600,584,584,166
2022-10-20,590,610,590,610,987
2022-10-21,610,610,582,594,6173
2022-10-24,600,600,572,576,450
2022-10-25,582,598,578,590,379
2022-10-26,590,600,590,600,352
2022-10-27,598,598,596,598,165
2022-10-28,598,604,592,600,5985
2022-10-31,600,620,600,620,3520
2022-11-02,620,644,620,630,7079
2022-11-03,630,640,620,640,262
2022-11-04,640,650,630,650,2017
2022-11-07,642,676,642,674,594
2022-11-08,674,686,650,680,1493
2022-11-09,680,680,666,668,51
2022-11-10,682,690,662,684,1230
2022-11-14,690,690,672,686,892
2022-11-15,658,658,644,646,2025
2022-11-16,646,652,638,640,598
2022-11-17,640,644,638,638,1445
2022-11-18,640,648,630,634,1314
2022-11-21,640,640,624,638,428
2022-11-22,638,642,632,640,967
2022-11-23,640,660,640,654,4552
2022-11-24,656,678,650,678,5548
2022-11-25,678,678,664,674,10321
2022-11-28,680,680,674,680,2776
2022-11-29,682,682,666,674,192
2022-11-30,682,682,668,668,149
2022-12-01,682,686,674,680,3969
2022-12-02,684,690,674,678,2139
2022-12-05,682,684,660,660,414
2022-12-06,654,668,654,660,170
2022-12-07,670,670,652,654,318
2022-12-08,638,640,602,610,4522
2022-12-09,618,650,612,636,7556
2022-12-12,630,658,630,650,5585
2022-12-13,658,670,646,666,1294
2022-12-14,666,668,658,660,2418
2022-12-15,654,660,652,656,321
2022-12-16,664,678,642,678,3284
2022-12-19,678,680,660,678,1365
2022-12-20,668,678,668,678,1207
2022-12-21,680,688,676,688,1443
2022-12-22,690,700,676,700,3737
2022-12-23,700,714,696,714,1235
2022-12-27,714,714,700,704,1390
2022-12-28,712,714,704,712,324
2022-12-29,714,726,712,726,2764
2022-12-30,716,744,714,744,3586
2023-01-02,740,748,726,748,4506
2023-01-03,746,762,732,754,3057
2023-01-04,750,786,740,786,1961
2023-01-05,786,800,764,768,2046
2023-01-09,790,812,790,798,1659
2023-01-10,800,804,780,796,978
2023-01-11,800,800,776,776,440
2023-01-12,776,796,774,786,1621
2023-01-13,794,800,784,800,1195
2023-01-16,800,814,790,796,1531
2023-01-17,800,800,770,770,718
2023-01-18,786,816,782,810,2172
2023-01-19,810,822,796,822,758
2023-01-20,824,832,816,830,354
2023-01-23,836,838,812,812,986
2023-01-24,810,836,802,814,607
2023-01-25,806,814,798,800,1279
2023-01-26,800,826,800,810,472
2023-01-27,816,824,806,822,1623
2023-01-30,820,834,820,824,442
2023-01-31,826,836,818,830,607
2023-02-01,834,836,812,822,405
2023-02-02,830,832,810,832,2402
2023-02-03,832,840,814,830,501
2023-02-06,830,840,824,832,406
2023-02-07,842,850,840,844,321
2023-02-08,844,848,834,834,2723
2023-02-09,832,854,832,852,743
2023-02-10,856,856,816,840,1687
2023-02-13,838,838,828,836,183
2023-02-14,830,838,828,834,174
2023-02-15,834,838,830,832,63
2023-02-16,838,858,830,858,3224
2023-02-17,852,862,850,862,1658
2023-02-20,862,862,850,854,1012
2023-02-21,866,872,832,832,375
2023-02-22,840,840,794,808,505
2023-02-23,808,832,808,824,193
2023-02-24,826,840,816,816,697
2023-02-27,806,838,806,824,145
2023-02-28,812,840,812,840,4204
2023-03-01,844,848,836,836,1600
2023-03-02,848,858,838,858,736
2023-03-03,858,864,850,850,708
2023-03-06,856,864,840,856,456
2023-03-07,900,974,900,974,5638
2023-03-08,974,1015,952,1005,3361
2023-03-09,1015,1030,992,1015,4239
2023-03-10,1025,1100,1010,1055,6347
2023-03-13,1050,1085,1025,1080,3716
2023-03-14,1080,1095,1065,1085,3128
2023-03-15,1085,1095,1060,1070,3035
2023-03-16,1080,1120,1055,1115,3368
2023-03-17,1120,1175,1080,1130,9455
2023-03-20,1090,1130,1080,1105,1159
2023-03-21,1090,1110,1080,1095,1027
2023-03-22,1105,1135,1095,1105,1729
2023-03-23,1100,1170,1100,1165,2634
2023-03-24,1160,1185,1120,1145,1926
2023-03-27,1130,1145,1090,1110,1819
2023-03-28,1105,1155,1095,1155,868
2023-03-29,1160,1180,1125,1140,1692
2023-03-30,1140,1155,1115,1115,2209
2023-03-31,1120,1155,1120,1155,1005
2023-04-03,1155,1155,1125,1125,944
2023-04-04,1120,1150,1120,1150,3797
2023-04-05,1150,1150,1115,1120,580
2023-04-06,1120,1145,1110,1140,178
2023-04-11,1140,1140,1105,1115,1743
2023-04-12,1120,1120,1095,1100,1167
2023-04-13,1090,1120,1085,1100,1179
2023-04-14,1115,1115,1060,1115,1456
